file,dataset,ver,mode,method,seed,idx,run_tag,aug_ratio,aug_bound,degree_thr,restricted,alpha,gamma,E0,total_added_edges,final_global_used_adds,add_ratio_of_E0,epochs_with_add
logs/1029/Cora_ML_aron_desc_inter_r10.00_fmr0.50_d0.50_gmm_seed0_idx0_a0.75_g0.90_rstr_ts041310_16222_32325.log,Cora_ML,aron_desc_inter,inter,gmm,0,0,,10.0,0.5,0.5,1,0.75,0.9,,0,0,,0
logs/1029/Cora_ML_aron_desc_inter_r10.00_fmr0.50_d0.50_gmm_seed0_idx0_a0.80_g1.00_rstr_ts041101_16222_391.log,Cora_ML,aron_desc_inter,inter,gmm,0,0,,10.0,0.5,0.5,1,0.8,1.0,,0,0,,0
logs/1029/Cora_ML_aron_desc_inter_r10.00_fmr0.50_d0.50_gmm_seed0_idx0_a0.90_g0.95_rstr_ts041518_16222_3219.log,Cora_ML,aron_desc_inter,inter,gmm,0,0,,10.0,0.5,0.5,1,0.9,0.95,,0,0,,0
logs/1029/Cora_ML_aron_desc_inter_r10.00_fmr0.50_d0.50_gmm_seed1_idx1_a0.75_g0.90_rstr_ts041932_16222_26301.log,Cora_ML,aron_desc_inter,inter,gmm,1,1,,10.0,0.5,0.5,1,0.75,0.9,,0,0,,0
logs/1029/Cora_ML_aron_desc_inter_r10.00_fmr0.50_d0.50_gmm_seed1_idx1_a0.80_g1.00_rstr_ts041725_16222_5188.log,Cora_ML,aron_desc_inter,inter,gmm,1,1,,10.0,0.5,0.5,1,0.8,1.0,,0,0,,0
logs/1029/Cora_ML_aron_desc_inter_r10.00_fmr0.50_d0.50_gmm_seed1_idx1_a0.90_g0.95_rstr_ts042140_16222_12137.log,Cora_ML,aron_desc_inter,inter,gmm,1,1,,10.0,0.5,0.5,1,0.9,0.95,,0,0,,0
logs/1029/Cora_ML_aron_desc_inter_r10.00_fmr0.50_d0.50_gmm_seed2_idx2_a0.75_g0.90_rstr_ts042556_16222_8688.log,Cora_ML,aron_desc_inter,inter,gmm,2,2,,10.0,0.5,0.5,1,0.75,0.9,,0,0,,0
logs/1029/Cora_ML_aron_desc_inter_r10.00_fmr0.50_d0.50_gmm_seed2_idx2_a0.80_g1.00_rstr_ts042347_16222_19755.log,Cora_ML,aron_desc_inter,inter,gmm,2,2,,10.0,0.5,0.5,1,0.8,1.0,,0,0,,0
logs/1029/Cora_ML_aron_desc_inter_r10.00_fmr0.50_d0.50_gmm_seed2_idx2_a0.90_g0.95_rstr_ts042803_16222_1320.log,Cora_ML,aron_desc_inter,inter,gmm,2,2,,10.0,0.5,0.5,1,0.9,0.95,,0,0,,0
logs/1029/Cora_ML_aron_desc_inter_r10.00_fmr0.50_d0.50_gmm_seed3_idx3_a0.75_g0.90_rstr_ts043218_16222_32018.log,Cora_ML,aron_desc_inter,inter,gmm,3,3,,10.0,0.5,0.5,1,0.75,0.9,,0,0,,0
logs/1029/Cora_ML_aron_desc_inter_r10.00_fmr0.50_d0.50_gmm_seed3_idx3_a0.80_g1.00_rstr_ts043010_16222_26433.log,Cora_ML,aron_desc_inter,inter,gmm,3,3,,10.0,0.5,0.5,1,0.8,1.0,,0,0,,0
logs/1029/Cora_ML_aron_desc_inter_r10.00_fmr0.50_d0.50_gmm_seed3_idx3_a0.90_g0.95_rstr_ts043425_16222_16589.log,Cora_ML,aron_desc_inter,inter,gmm,3,3,,10.0,0.5,0.5,1,0.9,0.95,,0,0,,0
logs/1029/Cora_ML_aron_desc_inter_r10.00_fmr0.50_d0.50_gmm_seed4_idx4_a0.75_g0.90_rstr_ts043841_16222_29316.log,Cora_ML,aron_desc_inter,inter,gmm,4,4,,10.0,0.5,0.5,1,0.75,0.9,,0,0,,0
logs/1029/Cora_ML_aron_desc_inter_r10.00_fmr0.50_d0.50_gmm_seed4_idx4_a0.80_g1.00_rstr_ts043634_16222_23890.log,Cora_ML,aron_desc_inter,inter,gmm,4,4,,10.0,0.5,0.5,1,0.8,1.0,,0,0,,0
logs/1029/Cora_ML_aron_desc_inter_r10.00_fmr0.50_d0.50_gmm_seed4_idx4_a0.90_g0.95_rstr_ts044048_16222_3473.log,Cora_ML,aron_desc_inter,inter,gmm,4,4,,10.0,0.5,0.5,1,0.9,0.95,,0,0,,0
logs/1029/Cora_ML_aron_desc_inter_r10.00_fmr0.50_d0.50_gmm_seed5_idx5_a0.75_g0.90_rstr_ts044503_16222_28913.log,Cora_ML,aron_desc_inter,inter,gmm,5,5,,10.0,0.5,0.5,1,0.75,0.9,,0,0,,0
logs/1029/Cora_ML_aron_desc_inter_r10.00_fmr0.50_d0.50_gmm_seed5_idx5_a0.80_g1.00_rstr_ts044255_16222_12071.log,Cora_ML,aron_desc_inter,inter,gmm,5,5,,10.0,0.5,0.5,1,0.8,1.0,,0,0,,0
logs/1029/Cora_ML_aron_desc_inter_r10.00_fmr0.50_d0.50_gmm_seed5_idx5_a0.90_g0.95_rstr_ts044710_16222_13456.log,Cora_ML,aron_desc_inter,inter,gmm,5,5,,10.0,0.5,0.5,1,0.9,0.95,,0,0,,0
logs/1029/Cora_ML_aron_desc_inter_r10.00_fmr0.50_d0.50_gmm_seed6_idx6_a0.75_g0.90_rstr_ts045125_16222_6209.log,Cora_ML,aron_desc_inter,inter,gmm,6,6,,10.0,0.5,0.5,1,0.75,0.9,,0,0,,0
logs/1029/Cora_ML_aron_desc_inter_r10.00_fmr0.50_d0.50_gmm_seed6_idx6_a0.80_g1.00_rstr_ts044918_16222_25684.log,Cora_ML,aron_desc_inter,inter,gmm,6,6,,10.0,0.5,0.5,1,0.8,1.0,,0,0,,0
logs/1029/Cora_ML_aron_desc_inter_r10.00_fmr0.50_d0.50_gmm_seed6_idx6_a0.90_g0.95_rstr_ts045333_16222_23848.log,Cora_ML,aron_desc_inter,inter,gmm,6,6,,10.0,0.5,0.5,1,0.9,0.95,,0,0,,0
logs/1029/Cora_ML_aron_desc_inter_r10.00_fmr0.50_d0.50_gmm_seed7_idx7_a0.75_g0.90_rstr_ts045749_16222_18778.log,Cora_ML,aron_desc_inter,inter,gmm,7,7,,10.0,0.5,0.5,1,0.75,0.9,,0,0,,0
logs/1029/Cora_ML_aron_desc_inter_r10.00_fmr0.50_d0.50_gmm_seed7_idx7_a0.80_g1.00_rstr_ts045542_16222_5886.log,Cora_ML,aron_desc_inter,inter,gmm,7,7,,10.0,0.5,0.5,1,0.8,1.0,,0,0,,0
logs/1029/Cora_ML_aron_desc_inter_r10.00_fmr0.50_d0.50_gmm_seed7_idx7_a0.90_g0.95_rstr_ts045957_16222_17043.log,Cora_ML,aron_desc_inter,inter,gmm,7,7,,10.0,0.5,0.5,1,0.9,0.95,,0,0,,0
logs/1029/Cora_ML_aron_desc_inter_r10.00_fmr0.50_d0.50_gmm_seed8_idx8_a0.75_g0.90_rstr_ts050414_16222_27528.log,Cora_ML,aron_desc_inter,inter,gmm,8,8,,10.0,0.5,0.5,1,0.75,0.9,,0,0,,0
logs/1029/Cora_ML_aron_desc_inter_r10.00_fmr0.50_d0.50_gmm_seed8_idx8_a0.80_g1.00_rstr_ts050205_16222_4261.log,Cora_ML,aron_desc_inter,inter,gmm,8,8,,10.0,0.5,0.5,1,0.8,1.0,,0,0,,0
logs/1029/Cora_ML_aron_desc_inter_r10.00_fmr0.50_d0.50_gmm_seed8_idx8_a0.90_g0.95_rstr_ts050622_16222_28845.log,Cora_ML,aron_desc_inter,inter,gmm,8,8,,10.0,0.5,0.5,1,0.9,0.95,,0,0,,0
logs/1029/Cora_ML_aron_desc_inter_r10.00_fmr0.50_d0.50_gmm_seed9_idx9_a0.75_g0.90_rstr_ts051037_16222_22377.log,Cora_ML,aron_desc_inter,inter,gmm,9,9,,10.0,0.5,0.5,1,0.75,0.9,,0,0,,0
logs/1029/Cora_ML_aron_desc_inter_r10.00_fmr0.50_d0.50_gmm_seed9_idx9_a0.80_g1.00_rstr_ts050830_16222_27555.log,Cora_ML,aron_desc_inter,inter,gmm,9,9,,10.0,0.5,0.5,1,0.8,1.0,,0,0,,0
logs/1029/Cora_ML_aron_desc_inter_r10.00_fmr0.50_d0.50_gmm_seed9_idx9_a0.90_g0.95_rstr_ts051244_16222_4303.log,Cora_ML,aron_desc_inter,inter,gmm,9,9,,10.0,0.5,0.5,1,0.9,0.95,,0,0,,0
logs/1029/Cora_ML_aron_desc_intra_r10.00_fmr0.50_d0.50_gmm_seed0_idx0_a0.75_g0.90_rstr_ts121627_16222_3567.log,Cora_ML,aron_desc_intra,intra,gmm,0,0,,10.0,0.5,0.5,1,0.75,0.9,,0,0,,0
logs/1029/Cora_ML_aron_desc_intra_r10.00_fmr0.50_d0.50_gmm_seed0_idx0_a0.80_g1.00_rstr_ts121418_16222_15671.log,Cora_ML,aron_desc_intra,intra,gmm,0,0,,10.0,0.5,0.5,1,0.8,1.0,,0,0,,0
logs/1029/Cora_ML_aron_desc_intra_r10.00_fmr0.50_d0.50_gmm_seed0_idx0_a0.90_g0.95_rstr_ts121836_16222_5938.log,Cora_ML,aron_desc_intra,intra,gmm,0,0,,10.0,0.5,0.5,1,0.9,0.95,,0,0,,0
logs/1029/Cora_ML_aron_desc_intra_r10.00_fmr0.50_d0.50_gmm_seed1_idx1_a0.75_g0.90_rstr_ts122256_16222_9566.log,Cora_ML,aron_desc_intra,intra,gmm,1,1,,10.0,0.5,0.5,1,0.75,0.9,,0,0,,0
logs/1029/Cora_ML_aron_desc_intra_r10.00_fmr0.50_d0.50_gmm_seed1_idx1_a0.80_g1.00_rstr_ts122045_16222_18566.log,Cora_ML,aron_desc_intra,intra,gmm,1,1,,10.0,0.5,0.5,1,0.8,1.0,,0,0,,0
logs/1029/Cora_ML_aron_desc_intra_r10.00_fmr0.50_d0.50_gmm_seed1_idx1_a0.90_g0.95_rstr_ts122506_16222_25631.log,Cora_ML,aron_desc_intra,intra,gmm,1,1,,10.0,0.5,0.5,1,0.9,0.95,,0,0,,0
logs/1029/Cora_ML_aron_desc_intra_r10.00_fmr0.50_d0.50_gmm_seed2_idx2_a0.75_g0.90_rstr_ts122926_16222_28405.log,Cora_ML,aron_desc_intra,intra,gmm,2,2,,10.0,0.5,0.5,1,0.75,0.9,,0,0,,0
logs/1029/Cora_ML_aron_desc_intra_r10.00_fmr0.50_d0.50_gmm_seed2_idx2_a0.80_g1.00_rstr_ts122717_16222_9222.log,Cora_ML,aron_desc_intra,intra,gmm,2,2,,10.0,0.5,0.5,1,0.8,1.0,,0,0,,0
logs/1029/Cora_ML_aron_desc_intra_r10.00_fmr0.50_d0.50_gmm_seed2_idx2_a0.90_g0.95_rstr_ts123135_16222_8436.log,Cora_ML,aron_desc_intra,intra,gmm,2,2,,10.0,0.5,0.5,1,0.9,0.95,,0,0,,0
logs/1029/Cora_ML_aron_desc_intra_r10.00_fmr0.50_d0.50_gmm_seed3_idx3_a0.75_g0.90_rstr_ts123554_16222_2247.log,Cora_ML,aron_desc_intra,intra,gmm,3,3,,10.0,0.5,0.5,1,0.75,0.9,,0,0,,0
logs/1029/Cora_ML_aron_desc_intra_r10.00_fmr0.50_d0.50_gmm_seed3_idx3_a0.80_g1.00_rstr_ts123345_16222_27876.log,Cora_ML,aron_desc_intra,intra,gmm,3,3,,10.0,0.5,0.5,1,0.8,1.0,,0,0,,0
logs/1029/Cora_ML_aron_desc_intra_r10.00_fmr0.50_d0.50_gmm_seed3_idx3_a0.90_g0.95_rstr_ts123803_16222_22003.log,Cora_ML,aron_desc_intra,intra,gmm,3,3,,10.0,0.5,0.5,1,0.9,0.95,,0,0,,0
logs/1029/Cora_ML_aron_desc_intra_r10.00_fmr0.50_d0.50_gmm_seed4_idx4_a0.75_g0.90_rstr_ts124222_16222_20401.log,Cora_ML,aron_desc_intra,intra,gmm,4,4,,10.0,0.5,0.5,1,0.75,0.9,,0,0,,0
logs/1029/Cora_ML_aron_desc_intra_r10.00_fmr0.50_d0.50_gmm_seed4_idx4_a0.80_g1.00_rstr_ts124012_16222_32472.log,Cora_ML,aron_desc_intra,intra,gmm,4,4,,10.0,0.5,0.5,1,0.8,1.0,,0,0,,0
logs/1029/Cora_ML_aron_desc_intra_r10.00_fmr0.50_d0.50_gmm_seed4_idx4_a0.90_g0.95_rstr_ts124432_16222_7119.log,Cora_ML,aron_desc_intra,intra,gmm,4,4,,10.0,0.5,0.5,1,0.9,0.95,,0,0,,0
logs/1029/Cora_ML_aron_desc_intra_r10.00_fmr0.50_d0.50_gmm_seed5_idx5_a0.75_g0.90_rstr_ts124851_16222_21052.log,Cora_ML,aron_desc_intra,intra,gmm,5,5,,10.0,0.5,0.5,1,0.75,0.9,,0,0,,0
logs/1029/Cora_ML_aron_desc_intra_r10.00_fmr0.50_d0.50_gmm_seed5_idx5_a0.80_g1.00_rstr_ts124642_16222_32285.log,Cora_ML,aron_desc_intra,intra,gmm,5,5,,10.0,0.5,0.5,1,0.8,1.0,,0,0,,0
logs/1029/Cora_ML_aron_desc_intra_r10.00_fmr0.50_d0.50_gmm_seed5_idx5_a0.90_g0.95_rstr_ts125101_16222_32547.log,Cora_ML,aron_desc_intra,intra,gmm,5,5,,10.0,0.5,0.5,1,0.9,0.95,,0,0,,0
logs/1029/Cora_ML_aron_desc_intra_r10.00_fmr0.50_d0.50_gmm_seed6_idx6_a0.75_g0.90_rstr_ts125521_16222_27384.log,Cora_ML,aron_desc_intra,intra,gmm,6,6,,10.0,0.5,0.5,1,0.75,0.9,,0,0,,0
logs/1029/Cora_ML_aron_desc_intra_r10.00_fmr0.50_d0.50_gmm_seed6_idx6_a0.80_g1.00_rstr_ts125312_16222_19800.log,Cora_ML,aron_desc_intra,intra,gmm,6,6,,10.0,0.5,0.5,1,0.8,1.0,,0,0,,0
logs/1029/Cora_ML_aron_desc_intra_r10.00_fmr0.50_d0.50_gmm_seed6_idx6_a0.90_g0.95_rstr_ts125730_16222_7727.log,Cora_ML,aron_desc_intra,intra,gmm,6,6,,10.0,0.5,0.5,1,0.9,0.95,,0,0,,0
logs/1029/Cora_ML_aron_desc_intra_r10.00_fmr0.50_d0.50_gmm_seed7_idx7_a0.75_g0.90_rstr_ts130147_16222_27331.log,Cora_ML,aron_desc_intra,intra,gmm,7,7,,10.0,0.5,0.5,1,0.75,0.9,,0,0,,0
logs/1029/Cora_ML_aron_desc_intra_r10.00_fmr0.50_d0.50_gmm_seed7_idx7_a0.80_g1.00_rstr_ts125938_16222_9478.log,Cora_ML,aron_desc_intra,intra,gmm,7,7,,10.0,0.5,0.5,1,0.8,1.0,,0,0,,0
logs/1029/Cora_ML_aron_desc_intra_r10.00_fmr0.50_d0.50_gmm_seed7_idx7_a0.90_g0.95_rstr_ts130357_16222_20293.log,Cora_ML,aron_desc_intra,intra,gmm,7,7,,10.0,0.5,0.5,1,0.9,0.95,,0,0,,0
logs/1029/Cora_ML_aron_desc_intra_r10.00_fmr0.50_d0.50_gmm_seed8_idx8_a0.75_g0.90_rstr_ts130818_16222_3624.log,Cora_ML,aron_desc_intra,intra,gmm,8,8,,10.0,0.5,0.5,1,0.75,0.9,,0,0,,0
logs/1029/Cora_ML_aron_desc_intra_r10.00_fmr0.50_d0.50_gmm_seed8_idx8_a0.80_g1.00_rstr_ts130607_16222_14479.log,Cora_ML,aron_desc_intra,intra,gmm,8,8,,10.0,0.5,0.5,1,0.8,1.0,,0,0,,0
logs/1029/Cora_ML_aron_desc_intra_r10.00_fmr0.50_d0.50_gmm_seed8_idx8_a0.90_g0.95_rstr_ts131028_16222_11479.log,Cora_ML,aron_desc_intra,intra,gmm,8,8,,10.0,0.5,0.5,1,0.9,0.95,,0,0,,0
logs/1029/Cora_ML_aron_desc_intra_r10.00_fmr0.50_d0.50_gmm_seed9_idx9_a0.75_g0.90_rstr_ts131448_16222_16392.log,Cora_ML,aron_desc_intra,intra,gmm,9,9,,10.0,0.5,0.5,1,0.75,0.9,,0,0,,0
logs/1029/Cora_ML_aron_desc_intra_r10.00_fmr0.50_d0.50_gmm_seed9_idx9_a0.80_g1.00_rstr_ts131238_16222_8733.log,Cora_ML,aron_desc_intra,intra,gmm,9,9,,10.0,0.5,0.5,1,0.8,1.0,,0,0,,0
logs/1029/Cora_ML_aron_desc_intra_r10.00_fmr0.50_d0.50_gmm_seed9_idx9_a0.90_g0.95_rstr_ts131656_16222_17386.log,Cora_ML,aron_desc_intra,intra,gmm,9,9,,10.0,0.5,0.5,1,0.9,0.95,,0,0,,0
logs/1029/LastFMAsia_aron_desc_inter_r10.00_fmr0.50_d0.80_gmm_seed0_idx0_a0.75_g0.90_rstr_ts063918_16222_7519.log,LastFMAsia,aron_desc_inter,inter,gmm,0,0,,10.0,0.5,0.8,1,0.75,0.9,,0,0,,0
logs/1029/LastFMAsia_aron_desc_inter_r10.00_fmr0.50_d0.80_gmm_seed0_idx0_a0.80_g1.00_rstr_ts062926_16222_27700.log,LastFMAsia,aron_desc_inter,inter,gmm,0,0,,10.0,0.5,0.8,1,0.8,1.0,,0,0,,0
logs/1029/LastFMAsia_aron_desc_inter_r10.00_fmr0.50_d0.80_gmm_seed0_idx0_a0.90_g0.95_rstr_ts064903_16222_5061.log,LastFMAsia,aron_desc_inter,inter,gmm,0,0,,10.0,0.5,0.8,1,0.9,0.95,,0,0,,0
logs/1029/LastFMAsia_aron_desc_inter_r10.00_fmr0.50_d0.80_gmm_seed1_idx1_a0.75_g0.90_rstr_ts070836_16222_25573.log,LastFMAsia,aron_desc_inter,inter,gmm,1,1,,10.0,0.5,0.8,1,0.75,0.9,,0,0,,0
logs/1029/LastFMAsia_aron_desc_inter_r10.00_fmr0.50_d0.80_gmm_seed1_idx1_a0.80_g1.00_rstr_ts065848_16222_24475.log,LastFMAsia,aron_desc_inter,inter,gmm,1,1,,10.0,0.5,0.8,1,0.8,1.0,,0,0,,0
logs/1029/LastFMAsia_aron_desc_inter_r10.00_fmr0.50_d0.80_gmm_seed1_idx1_a0.90_g0.95_rstr_ts071818_16222_1277.log,LastFMAsia,aron_desc_inter,inter,gmm,1,1,,10.0,0.5,0.8,1,0.9,0.95,,0,0,,0
logs/1029/LastFMAsia_aron_desc_inter_r10.00_fmr0.50_d0.80_gmm_seed2_idx2_a0.75_g0.90_rstr_ts073750_16222_24035.log,LastFMAsia,aron_desc_inter,inter,gmm,2,2,,10.0,0.5,0.8,1,0.75,0.9,,0,0,,0
logs/1029/LastFMAsia_aron_desc_inter_r10.00_fmr0.50_d0.80_gmm_seed2_idx2_a0.80_g1.00_rstr_ts072801_16222_29897.log,LastFMAsia,aron_desc_inter,inter,gmm,2,2,,10.0,0.5,0.8,1,0.8,1.0,,0,0,,0
logs/1029/LastFMAsia_aron_desc_inter_r10.00_fmr0.50_d0.80_gmm_seed2_idx2_a0.90_g0.95_rstr_ts074734_16222_27192.log,LastFMAsia,aron_desc_inter,inter,gmm,2,2,,10.0,0.5,0.8,1,0.9,0.95,,0,0,,0
logs/1029/LastFMAsia_aron_desc_inter_r10.00_fmr0.50_d0.80_gmm_seed3_idx3_a0.75_g0.90_rstr_ts080706_16222_21099.log,LastFMAsia,aron_desc_inter,inter,gmm,3,3,,10.0,0.5,0.8,1,0.75,0.9,,0,0,,0
logs/1029/LastFMAsia_aron_desc_inter_r10.00_fmr0.50_d0.80_gmm_seed3_idx3_a0.80_g1.00_rstr_ts075719_16222_19368.log,LastFMAsia,aron_desc_inter,inter,gmm,3,3,,10.0,0.5,0.8,1,0.8,1.0,,0,0,,0
logs/1029/LastFMAsia_aron_desc_inter_r10.00_fmr0.50_d0.80_gmm_seed3_idx3_a0.90_g0.95_rstr_ts081650_16222_6344.log,LastFMAsia,aron_desc_inter,inter,gmm,3,3,,10.0,0.5,0.8,1,0.9,0.95,,0,0,,0
logs/1029/LastFMAsia_aron_desc_inter_r10.00_fmr0.50_d0.80_gmm_seed4_idx4_a0.75_g0.90_rstr_ts083627_16222_8204.log,LastFMAsia,aron_desc_inter,inter,gmm,4,4,,10.0,0.5,0.8,1,0.75,0.9,,0,0,,0
logs/1029/LastFMAsia_aron_desc_inter_r10.00_fmr0.50_d0.80_gmm_seed4_idx4_a0.80_g1.00_rstr_ts082636_16222_24322.log,LastFMAsia,aron_desc_inter,inter,gmm,4,4,,10.0,0.5,0.8,1,0.8,1.0,,0,0,,0
logs/1029/LastFMAsia_aron_desc_inter_r10.00_fmr0.50_d0.80_gmm_seed4_idx4_a0.90_g0.95_rstr_ts084613_16222_22517.log,LastFMAsia,aron_desc_inter,inter,gmm,4,4,,10.0,0.5,0.8,1,0.9,0.95,,0,0,,0
logs/1029/LastFMAsia_aron_desc_inter_r10.00_fmr0.50_d0.80_gmm_seed5_idx5_a0.75_g0.90_rstr_ts090547_16222_9959.log,LastFMAsia,aron_desc_inter,inter,gmm,5,5,,10.0,0.5,0.8,1,0.75,0.9,,0,0,,0
logs/1029/LastFMAsia_aron_desc_inter_r10.00_fmr0.50_d0.80_gmm_seed5_idx5_a0.80_g1.00_rstr_ts085601_16222_11984.log,LastFMAsia,aron_desc_inter,inter,gmm,5,5,,10.0,0.5,0.8,1,0.8,1.0,,0,0,,0
logs/1029/LastFMAsia_aron_desc_inter_r10.00_fmr0.50_d0.80_gmm_seed5_idx5_a0.90_g0.95_rstr_ts091528_16222_9552.log,LastFMAsia,aron_desc_inter,inter,gmm,5,5,,10.0,0.5,0.8,1,0.9,0.95,,0,0,,0
logs/1029/LastFMAsia_aron_desc_inter_r10.00_fmr0.50_d0.80_gmm_seed6_idx6_a0.75_g0.90_rstr_ts093502_16222_14691.log,LastFMAsia,aron_desc_inter,inter,gmm,6,6,,10.0,0.5,0.8,1,0.75,0.9,,0,0,,0
logs/1029/LastFMAsia_aron_desc_inter_r10.00_fmr0.50_d0.80_gmm_seed6_idx6_a0.80_g1.00_rstr_ts092513_16222_27158.log,LastFMAsia,aron_desc_inter,inter,gmm,6,6,,10.0,0.5,0.8,1,0.8,1.0,,0,0,,0
logs/1029/LastFMAsia_aron_desc_inter_r10.00_fmr0.50_d0.80_gmm_seed6_idx6_a0.90_g0.95_rstr_ts094447_16222_15522.log,LastFMAsia,aron_desc_inter,inter,gmm,6,6,,10.0,0.5,0.8,1,0.9,0.95,,0,0,,0
logs/1029/LastFMAsia_aron_desc_inter_r10.00_fmr0.50_d0.80_gmm_seed7_idx7_a0.75_g0.90_rstr_ts100423_16222_19554.log,LastFMAsia,aron_desc_inter,inter,gmm,7,7,,10.0,0.5,0.8,1,0.75,0.9,,0,0,,0
logs/1029/LastFMAsia_aron_desc_inter_r10.00_fmr0.50_d0.80_gmm_seed7_idx7_a0.80_g1.00_rstr_ts095432_16222_19059.log,LastFMAsia,aron_desc_inter,inter,gmm,7,7,,10.0,0.5,0.8,1,0.8,1.0,,0,0,,0
logs/1029/LastFMAsia_aron_desc_inter_r10.00_fmr0.50_d0.80_gmm_seed7_idx7_a0.90_g0.95_rstr_ts101408_16222_13467.log,LastFMAsia,aron_desc_inter,inter,gmm,7,7,,10.0,0.5,0.8,1,0.9,0.95,,0,0,,0
logs/1029/LastFMAsia_aron_desc_inter_r10.00_fmr0.50_d0.80_gmm_seed8_idx8_a0.75_g0.90_rstr_ts103341_16222_24253.log,LastFMAsia,aron_desc_inter,inter,gmm,8,8,,10.0,0.5,0.8,1,0.75,0.9,,0,0,,0
logs/1029/LastFMAsia_aron_desc_inter_r10.00_fmr0.50_d0.80_gmm_seed8_idx8_a0.80_g1.00_rstr_ts102354_16222_4495.log,LastFMAsia,aron_desc_inter,inter,gmm,8,8,,10.0,0.5,0.8,1,0.8,1.0,,0,0,,0
logs/1029/LastFMAsia_aron_desc_inter_r10.00_fmr0.50_d0.80_gmm_seed8_idx8_a0.90_g0.95_rstr_ts104323_16222_5682.log,LastFMAsia,aron_desc_inter,inter,gmm,8,8,,10.0,0.5,0.8,1,0.9,0.95,,0,0,,0
logs/1029/LastFMAsia_aron_desc_inter_r10.00_fmr0.50_d0.80_gmm_seed9_idx9_a0.75_g0.90_rstr_ts110258_16222_25703.log,LastFMAsia,aron_desc_inter,inter,gmm,9,9,,10.0,0.5,0.8,1,0.75,0.9,,0,0,,0
logs/1029/LastFMAsia_aron_desc_inter_r10.00_fmr0.50_d0.80_gmm_seed9_idx9_a0.80_g1.00_rstr_ts105309_16222_10254.log,LastFMAsia,aron_desc_inter,inter,gmm,9,9,,10.0,0.5,0.8,1,0.8,1.0,,0,0,,0
logs/1029/LastFMAsia_aron_desc_inter_r10.00_fmr0.50_d0.80_gmm_seed9_idx9_a0.90_g0.95_rstr_ts111243_16222_1999.log,LastFMAsia,aron_desc_inter,inter,gmm,9,9,,10.0,0.5,0.8,1,0.9,0.95,,0,0,,0
logs/1029/LastFMAsia_aron_desc_intra_r10.00_fmr0.50_d0.80_gmm_seed0_idx0_a0.75_g0.90_rstr_ts144513_16222_26507.log,LastFMAsia,aron_desc_intra,intra,gmm,0,0,,10.0,0.5,0.8,1,0.75,0.9,,0,0,,0
logs/1029/LastFMAsia_aron_desc_intra_r10.00_fmr0.50_d0.80_gmm_seed0_idx0_a0.80_g1.00_rstr_ts143518_16222_19795.log,LastFMAsia,aron_desc_intra,intra,gmm,0,0,,10.0,0.5,0.8,1,0.8,1.0,,0,0,,0
logs/1029/LastFMAsia_aron_desc_intra_r10.00_fmr0.50_d0.80_gmm_seed0_idx0_a0.90_g0.95_rstr_ts145505_16222_13199.log,LastFMAsia,aron_desc_intra,intra,gmm,0,0,,10.0,0.5,0.8,1,0.9,0.95,,0,0,,0
logs/1029/LastFMAsia_aron_desc_intra_r10.00_fmr0.50_d0.80_gmm_seed1_idx1_a0.75_g0.90_rstr_ts151451_16222_27379.log,LastFMAsia,aron_desc_intra,intra,gmm,1,1,,10.0,0.5,0.8,1,0.75,0.9,,0,0,,0
logs/1029/LastFMAsia_aron_desc_intra_r10.00_fmr0.50_d0.80_gmm_seed1_idx1_a0.80_g1.00_rstr_ts150456_16222_12420.log,LastFMAsia,aron_desc_intra,intra,gmm,1,1,,10.0,0.5,0.8,1,0.8,1.0,,0,0,,0
logs/1029/LastFMAsia_aron_desc_intra_r10.00_fmr0.50_d0.80_gmm_seed1_idx1_a0.90_g0.95_rstr_ts152449_16222_28119.log,LastFMAsia,aron_desc_intra,intra,gmm,1,1,,10.0,0.5,0.8,1,0.9,0.95,,0,0,,0
logs/1029/LastFMAsia_aron_desc_intra_r10.00_fmr0.50_d0.80_gmm_seed2_idx2_a0.75_g0.90_rstr_ts154438_16222_31465.log,LastFMAsia,aron_desc_intra,intra,gmm,2,2,,10.0,0.5,0.8,1,0.75,0.9,,0,0,,0
logs/1029/LastFMAsia_aron_desc_intra_r10.00_fmr0.50_d0.80_gmm_seed2_idx2_a0.80_g1.00_rstr_ts153444_16222_30005.log,LastFMAsia,aron_desc_intra,intra,gmm,2,2,,10.0,0.5,0.8,1,0.8,1.0,,0,0,,0
logs/1029/LastFMAsia_aron_desc_intra_r10.00_fmr0.50_d0.80_gmm_seed2_idx2_a0.90_g0.95_rstr_ts155433_16222_30199.log,LastFMAsia,aron_desc_intra,intra,gmm,2,2,,10.0,0.5,0.8,1,0.9,0.95,,0,0,,0
logs/1029/LastFMAsia_aron_desc_intra_r10.00_fmr0.50_d0.80_gmm_seed3_idx3_a0.75_g0.90_rstr_ts161423_16222_10845.log,LastFMAsia,aron_desc_intra,intra,gmm,3,3,,10.0,0.5,0.8,1,0.75,0.9,,0,0,,0
logs/1029/LastFMAsia_aron_desc_intra_r10.00_fmr0.50_d0.80_gmm_seed3_idx3_a0.80_g1.00_rstr_ts160427_16222_17101.log,LastFMAsia,aron_desc_intra,intra,gmm,3,3,,10.0,0.5,0.8,1,0.8,1.0,,0,0,,0
logs/1029/LastFMAsia_aron_desc_intra_r10.00_fmr0.50_d0.80_gmm_seed3_idx3_a0.90_g0.95_rstr_ts162422_16222_25255.log,LastFMAsia,aron_desc_intra,intra,gmm,3,3,,10.0,0.5,0.8,1,0.9,0.95,,0,0,,0
logs/1029/LastFMAsia_aron_desc_intra_r10.00_fmr0.50_d0.80_gmm_seed4_idx4_a0.75_g0.90_rstr_ts164413_16222_24549.log,LastFMAsia,aron_desc_intra,intra,gmm,4,4,,10.0,0.5,0.8,1,0.75,0.9,,0,0,,0
logs/1029/LastFMAsia_aron_desc_intra_r10.00_fmr0.50_d0.80_gmm_seed4_idx4_a0.80_g1.00_rstr_ts163417_16222_11765.log,LastFMAsia,aron_desc_intra,intra,gmm,4,4,,10.0,0.5,0.8,1,0.8,1.0,,0,0,,0
logs/1029/LastFMAsia_aron_desc_intra_r10.00_fmr0.50_d0.80_gmm_seed4_idx4_a0.90_g0.95_rstr_ts165405_16222_24206.log,LastFMAsia,aron_desc_intra,intra,gmm,4,4,,10.0,0.5,0.8,1,0.9,0.95,,0,0,,0
logs/1029/LastFMAsia_aron_desc_intra_r10.00_fmr0.50_d0.80_gmm_seed5_idx5_a0.75_g0.90_rstr_ts171356_16222_6366.log,LastFMAsia,aron_desc_intra,intra,gmm,5,5,,10.0,0.5,0.8,1,0.75,0.9,,0,0,,0
logs/1029/LastFMAsia_aron_desc_intra_r10.00_fmr0.50_d0.80_gmm_seed5_idx5_a0.80_g1.00_rstr_ts170400_16222_31484.log,LastFMAsia,aron_desc_intra,intra,gmm,5,5,,10.0,0.5,0.8,1,0.8,1.0,,0,0,,0
logs/1029/LastFMAsia_aron_desc_intra_r10.00_fmr0.50_d0.80_gmm_seed5_idx5_a0.90_g0.95_rstr_ts172349_16222_3490.log,LastFMAsia,aron_desc_intra,intra,gmm,5,5,,10.0,0.5,0.8,1,0.9,0.95,,0,0,,0
logs/1029/LastFMAsia_aron_desc_intra_r10.00_fmr0.50_d0.80_gmm_seed6_idx6_a0.75_g0.90_rstr_ts174340_16222_13872.log,LastFMAsia,aron_desc_intra,intra,gmm,6,6,,10.0,0.5,0.8,1,0.75,0.9,,0,0,,0
logs/1029/LastFMAsia_aron_desc_intra_r10.00_fmr0.50_d0.80_gmm_seed6_idx6_a0.80_g1.00_rstr_ts173344_16222_11953.log,LastFMAsia,aron_desc_intra,intra,gmm,6,6,,10.0,0.5,0.8,1,0.8,1.0,,0,0,,0
logs/1029/LastFMAsia_aron_desc_intra_r10.00_fmr0.50_d0.80_gmm_seed6_idx6_a0.90_g0.95_rstr_ts175334_16222_23954.log,LastFMAsia,aron_desc_intra,intra,gmm,6,6,,10.0,0.5,0.8,1,0.9,0.95,,0,0,,0
logs/1029/LastFMAsia_aron_desc_intra_r10.00_fmr0.50_d0.80_gmm_seed7_idx7_a0.75_g0.90_rstr_ts181328_16222_24323.log,LastFMAsia,aron_desc_intra,intra,gmm,7,7,,10.0,0.5,0.8,1,0.75,0.9,,0,0,,0
logs/1029/LastFMAsia_aron_desc_intra_r10.00_fmr0.50_d0.80_gmm_seed7_idx7_a0.80_g1.00_rstr_ts180328_16222_16377.log,LastFMAsia,aron_desc_intra,intra,gmm,7,7,,10.0,0.5,0.8,1,0.8,1.0,,0,0,,0
logs/1029/LastFMAsia_aron_desc_intra_r10.00_fmr0.50_d0.80_gmm_seed7_idx7_a0.90_g0.95_rstr_ts182323_16222_29310.log,LastFMAsia,aron_desc_intra,intra,gmm,7,7,,10.0,0.5,0.8,1,0.9,0.95,,0,0,,0
logs/1029/LastFMAsia_aron_desc_intra_r10.00_fmr0.50_d0.80_gmm_seed8_idx8_a0.75_g0.90_rstr_ts184321_16222_9745.log,LastFMAsia,aron_desc_intra,intra,gmm,8,8,,10.0,0.5,0.8,1,0.75,0.9,,0,0,,0
logs/1029/LastFMAsia_aron_desc_intra_r10.00_fmr0.50_d0.80_gmm_seed8_idx8_a0.80_g1.00_rstr_ts183321_16222_8962.log,LastFMAsia,aron_desc_intra,intra,gmm,8,8,,10.0,0.5,0.8,1,0.8,1.0,,0,0,,0
logs/1029/LastFMAsia_aron_desc_intra_r10.00_fmr0.50_d0.80_gmm_seed8_idx8_a0.90_g0.95_rstr_ts185317_16222_29843.log,LastFMAsia,aron_desc_intra,intra,gmm,8,8,,10.0,0.5,0.8,1,0.9,0.95,,0,0,,0
logs/1029/LastFMAsia_aron_desc_intra_r10.00_fmr0.50_d0.80_gmm_seed9_idx9_a0.75_g0.90_rstr_ts191310_16222_411.log,LastFMAsia,aron_desc_intra,intra,gmm,9,9,,10.0,0.5,0.8,1,0.75,0.9,,0,0,,0
logs/1029/LastFMAsia_aron_desc_intra_r10.00_fmr0.50_d0.80_gmm_seed9_idx9_a0.80_g1.00_rstr_ts190312_16222_10825.log,LastFMAsia,aron_desc_intra,intra,gmm,9,9,,10.0,0.5,0.8,1,0.8,1.0,,0,0,,0
logs/1029/LastFMAsia_aron_desc_intra_r10.00_fmr0.50_d0.80_gmm_seed9_idx9_a0.90_g0.95_rstr_ts192306_16222_24740.log,LastFMAsia,aron_desc_intra,intra,gmm,9,9,,10.0,0.5,0.8,1,0.9,0.95,,0,0,,0
logs/1029/citeseer_aron_desc_inter_r10.00_fmr0.50_d0.90_gmm_seed0_idx0_a0.75_g0.90_rstr_ts051720_16222_23022.log,citeseer,aron_desc_inter,inter,gmm,0,0,,10.0,0.5,0.9,1,0.75,0.9,,0,0,,0
logs/1029/citeseer_aron_desc_inter_r10.00_fmr0.50_d0.90_gmm_seed0_idx0_a0.80_g1.00_rstr_ts051451_16222_30978.log,citeseer,aron_desc_inter,inter,gmm,0,0,,10.0,0.5,0.9,1,0.8,1.0,,0,0,,0
logs/1029/citeseer_aron_desc_inter_r10.00_fmr0.50_d0.90_gmm_seed0_idx0_a0.90_g0.95_rstr_ts051950_16222_29185.log,citeseer,aron_desc_inter,inter,gmm,0,0,,10.0,0.5,0.9,1,0.9,0.95,,0,0,,0
logs/1029/citeseer_aron_desc_inter_r10.00_fmr0.50_d0.90_gmm_seed1_idx1_a0.75_g0.90_rstr_ts052445_16222_15720.log,citeseer,aron_desc_inter,inter,gmm,1,1,,10.0,0.5,0.9,1,0.75,0.9,,0,0,,0
logs/1029/citeseer_aron_desc_inter_r10.00_fmr0.50_d0.90_gmm_seed1_idx1_a0.80_g1.00_rstr_ts052218_16222_14499.log,citeseer,aron_desc_inter,inter,gmm,1,1,,10.0,0.5,0.9,1,0.8,1.0,,0,0,,0
logs/1029/citeseer_aron_desc_inter_r10.00_fmr0.50_d0.90_gmm_seed1_idx1_a0.90_g0.95_rstr_ts052715_16222_18879.log,citeseer,aron_desc_inter,inter,gmm,1,1,,10.0,0.5,0.9,1,0.9,0.95,,0,0,,0
logs/1029/citeseer_aron_desc_inter_r10.00_fmr0.50_d0.90_gmm_seed2_idx2_a0.75_g0.90_rstr_ts053216_16222_18608.log,citeseer,aron_desc_inter,inter,gmm,2,2,,10.0,0.5,0.9,1,0.75,0.9,,0,0,,0
logs/1029/citeseer_aron_desc_inter_r10.00_fmr0.50_d0.90_gmm_seed2_idx2_a0.80_g1.00_rstr_ts052946_16222_20335.log,citeseer,aron_desc_inter,inter,gmm,2,2,,10.0,0.5,0.9,1,0.8,1.0,,0,0,,0
logs/1029/citeseer_aron_desc_inter_r10.00_fmr0.50_d0.90_gmm_seed2_idx2_a0.90_g0.95_rstr_ts053447_16222_26583.log,citeseer,aron_desc_inter,inter,gmm,2,2,,10.0,0.5,0.9,1,0.9,0.95,,0,0,,0
logs/1029/citeseer_aron_desc_inter_r10.00_fmr0.50_d0.90_gmm_seed3_idx3_a0.75_g0.90_rstr_ts053941_16222_11977.log,citeseer,aron_desc_inter,inter,gmm,3,3,,10.0,0.5,0.9,1,0.75,0.9,,0,0,,0
logs/1029/citeseer_aron_desc_inter_r10.00_fmr0.50_d0.90_gmm_seed3_idx3_a0.80_g1.00_rstr_ts053717_16222_17528.log,citeseer,aron_desc_inter,inter,gmm,3,3,,10.0,0.5,0.9,1,0.8,1.0,,0,0,,0
logs/1029/citeseer_aron_desc_inter_r10.00_fmr0.50_d0.90_gmm_seed3_idx3_a0.90_g0.95_rstr_ts054210_16222_14777.log,citeseer,aron_desc_inter,inter,gmm,3,3,,10.0,0.5,0.9,1,0.9,0.95,,0,0,,0
logs/1029/citeseer_aron_desc_inter_r10.00_fmr0.50_d0.90_gmm_seed4_idx4_a0.75_g0.90_rstr_ts054707_16222_8002.log,citeseer,aron_desc_inter,inter,gmm,4,4,,10.0,0.5,0.9,1,0.75,0.9,,0,0,,0
logs/1029/citeseer_aron_desc_inter_r10.00_fmr0.50_d0.90_gmm_seed4_idx4_a0.80_g1.00_rstr_ts054438_16222_14112.log,citeseer,aron_desc_inter,inter,gmm,4,4,,10.0,0.5,0.9,1,0.8,1.0,,0,0,,0
logs/1029/citeseer_aron_desc_inter_r10.00_fmr0.50_d0.90_gmm_seed4_idx4_a0.90_g0.95_rstr_ts054937_16222_14410.log,citeseer,aron_desc_inter,inter,gmm,4,4,,10.0,0.5,0.9,1,0.9,0.95,,0,0,,0
logs/1029/citeseer_aron_desc_inter_r10.00_fmr0.50_d0.90_gmm_seed5_idx5_a0.75_g0.90_rstr_ts055436_16222_25106.log,citeseer,aron_desc_inter,inter,gmm,5,5,,10.0,0.5,0.9,1,0.75,0.9,,0,0,,0
logs/1029/citeseer_aron_desc_inter_r10.00_fmr0.50_d0.90_gmm_seed5_idx5_a0.80_g1.00_rstr_ts055206_16222_19354.log,citeseer,aron_desc_inter,inter,gmm,5,5,,10.0,0.5,0.9,1,0.8,1.0,,0,0,,0
logs/1029/citeseer_aron_desc_inter_r10.00_fmr0.50_d0.90_gmm_seed5_idx5_a0.90_g0.95_rstr_ts055704_16222_16412.log,citeseer,aron_desc_inter,inter,gmm,5,5,,10.0,0.5,0.9,1,0.9,0.95,,0,0,,0
logs/1029/citeseer_aron_desc_inter_r10.00_fmr0.50_d0.90_gmm_seed6_idx6_a0.75_g0.90_rstr_ts060202_16222_19334.log,citeseer,aron_desc_inter,inter,gmm,6,6,,10.0,0.5,0.9,1,0.75,0.9,,0,0,,0
logs/1029/citeseer_aron_desc_inter_r10.00_fmr0.50_d0.90_gmm_seed6_idx6_a0.80_g1.00_rstr_ts055932_16222_9764.log,citeseer,aron_desc_inter,inter,gmm,6,6,,10.0,0.5,0.9,1,0.8,1.0,,0,0,,0
logs/1029/citeseer_aron_desc_inter_r10.00_fmr0.50_d0.90_gmm_seed6_idx6_a0.90_g0.95_rstr_ts060432_16222_20470.log,citeseer,aron_desc_inter,inter,gmm,6,6,,10.0,0.5,0.9,1,0.9,0.95,,0,0,,0
logs/1029/citeseer_aron_desc_inter_r10.00_fmr0.50_d0.90_gmm_seed7_idx7_a0.75_g0.90_rstr_ts060929_16222_1125.log,citeseer,aron_desc_inter,inter,gmm,7,7,,10.0,0.5,0.9,1,0.75,0.9,,0,0,,0
logs/1029/citeseer_aron_desc_inter_r10.00_fmr0.50_d0.90_gmm_seed7_idx7_a0.80_g1.00_rstr_ts060659_16222_27122.log,citeseer,aron_desc_inter,inter,gmm,7,7,,10.0,0.5,0.9,1,0.8,1.0,,0,0,,0
logs/1029/citeseer_aron_desc_inter_r10.00_fmr0.50_d0.90_gmm_seed7_idx7_a0.90_g0.95_rstr_ts061157_16222_17028.log,citeseer,aron_desc_inter,inter,gmm,7,7,,10.0,0.5,0.9,1,0.9,0.95,,0,0,,0
logs/1029/citeseer_aron_desc_inter_r10.00_fmr0.50_d0.90_gmm_seed8_idx8_a0.75_g0.90_rstr_ts061657_16222_31031.log,citeseer,aron_desc_inter,inter,gmm,8,8,,10.0,0.5,0.9,1,0.75,0.9,,0,0,,0
logs/1029/citeseer_aron_desc_inter_r10.00_fmr0.50_d0.90_gmm_seed8_idx8_a0.80_g1.00_rstr_ts061427_16222_11639.log,citeseer,aron_desc_inter,inter,gmm,8,8,,10.0,0.5,0.9,1,0.8,1.0,,0,0,,0
logs/1029/citeseer_aron_desc_inter_r10.00_fmr0.50_d0.90_gmm_seed8_idx8_a0.90_g0.95_rstr_ts061927_16222_29678.log,citeseer,aron_desc_inter,inter,gmm,8,8,,10.0,0.5,0.9,1,0.9,0.95,,0,0,,0
logs/1029/citeseer_aron_desc_inter_r10.00_fmr0.50_d0.90_gmm_seed9_idx9_a0.75_g0.90_rstr_ts062425_16222_29878.log,citeseer,aron_desc_inter,inter,gmm,9,9,,10.0,0.5,0.9,1,0.75,0.9,,0,0,,0
logs/1029/citeseer_aron_desc_inter_r10.00_fmr0.50_d0.90_gmm_seed9_idx9_a0.80_g1.00_rstr_ts062156_16222_9875.log,citeseer,aron_desc_inter,inter,gmm,9,9,,10.0,0.5,0.9,1,0.8,1.0,,0,0,,0
logs/1029/citeseer_aron_desc_inter_r10.00_fmr0.50_d0.90_gmm_seed9_idx9_a0.90_g0.95_rstr_ts062653_16222_13473.log,citeseer,aron_desc_inter,inter,gmm,9,9,,10.0,0.5,0.9,1,0.9,0.95,,0,0,,0
logs/1029/citeseer_aron_desc_intra_r10.00_fmr0.50_d0.90_gmm_seed0_idx0_a0.75_g0.90_rstr_ts132140_16222_32233.log,citeseer,aron_desc_intra,intra,gmm,0,0,,10.0,0.5,0.9,1,0.75,0.9,,0,0,,0
logs/1029/citeseer_aron_desc_intra_r10.00_fmr0.50_d0.90_gmm_seed0_idx0_a0.80_g1.00_rstr_ts131907_16222_15237.log,citeseer,aron_desc_intra,intra,gmm,0,0,,10.0,0.5,0.9,1,0.8,1.0,,0,0,,0
logs/1029/citeseer_aron_desc_intra_r10.00_fmr0.50_d0.90_gmm_seed0_idx0_a0.90_g0.95_rstr_ts132412_16222_5268.log,citeseer,aron_desc_intra,intra,gmm,0,0,,10.0,0.5,0.9,1,0.9,0.95,,0,0,,0
logs/1029/citeseer_aron_desc_intra_r10.00_fmr0.50_d0.90_gmm_seed1_idx1_a0.75_g0.90_rstr_ts132905_16222_22648.log,citeseer,aron_desc_intra,intra,gmm,1,1,,10.0,0.5,0.9,1,0.75,0.9,,0,0,,0
logs/1029/citeseer_aron_desc_intra_r10.00_fmr0.50_d0.90_gmm_seed1_idx1_a0.80_g1.00_rstr_ts132644_16222_28339.log,citeseer,aron_desc_intra,intra,gmm,1,1,,10.0,0.5,0.9,1,0.8,1.0,,0,0,,0
logs/1029/citeseer_aron_desc_intra_r10.00_fmr0.50_d0.90_gmm_seed1_idx1_a0.90_g0.95_rstr_ts133138_16222_2754.log,citeseer,aron_desc_intra,intra,gmm,1,1,,10.0,0.5,0.9,1,0.9,0.95,,0,0,,0
logs/1029/citeseer_aron_desc_intra_r10.00_fmr0.50_d0.90_gmm_seed2_idx2_a0.75_g0.90_rstr_ts133644_16222_7804.log,citeseer,aron_desc_intra,intra,gmm,2,2,,10.0,0.5,0.9,1,0.75,0.9,,0,0,,0
logs/1029/citeseer_aron_desc_intra_r10.00_fmr0.50_d0.90_gmm_seed2_idx2_a0.80_g1.00_rstr_ts133411_16222_10039.log,citeseer,aron_desc_intra,intra,gmm,2,2,,10.0,0.5,0.9,1,0.8,1.0,,0,0,,0
logs/1029/citeseer_aron_desc_intra_r10.00_fmr0.50_d0.90_gmm_seed2_idx2_a0.90_g0.95_rstr_ts133918_16222_20781.log,citeseer,aron_desc_intra,intra,gmm,2,2,,10.0,0.5,0.9,1,0.9,0.95,,0,0,,0
logs/1029/citeseer_aron_desc_intra_r10.00_fmr0.50_d0.90_gmm_seed3_idx3_a0.75_g0.90_rstr_ts134424_16222_31005.log,citeseer,aron_desc_intra,intra,gmm,3,3,,10.0,0.5,0.9,1,0.75,0.9,,0,0,,0
logs/1029/citeseer_aron_desc_intra_r10.00_fmr0.50_d0.90_gmm_seed3_idx3_a0.80_g1.00_rstr_ts134151_16222_32278.log,citeseer,aron_desc_intra,intra,gmm,3,3,,10.0,0.5,0.9,1,0.8,1.0,,0,0,,0
logs/1029/citeseer_aron_desc_intra_r10.00_fmr0.50_d0.90_gmm_seed3_idx3_a0.90_g0.95_rstr_ts134656_16222_8674.log,citeseer,aron_desc_intra,intra,gmm,3,3,,10.0,0.5,0.9,1,0.9,0.95,,0,0,,0
logs/1029/citeseer_aron_desc_intra_r10.00_fmr0.50_d0.90_gmm_seed4_idx4_a0.75_g0.90_rstr_ts135201_16222_26733.log,citeseer,aron_desc_intra,intra,gmm,4,4,,10.0,0.5,0.9,1,0.75,0.9,,0,0,,0
logs/1029/citeseer_aron_desc_intra_r10.00_fmr0.50_d0.90_gmm_seed4_idx4_a0.80_g1.00_rstr_ts134929_16222_31242.log,citeseer,aron_desc_intra,intra,gmm,4,4,,10.0,0.5,0.9,1,0.8,1.0,,0,0,,0
logs/1029/citeseer_aron_desc_intra_r10.00_fmr0.50_d0.90_gmm_seed4_idx4_a0.90_g0.95_rstr_ts135434_16222_18627.log,citeseer,aron_desc_intra,intra,gmm,4,4,,10.0,0.5,0.9,1,0.9,0.95,,0,0,,0
logs/1029/citeseer_aron_desc_intra_r10.00_fmr0.50_d0.90_gmm_seed5_idx5_a0.75_g0.90_rstr_ts135938_16222_27599.log,citeseer,aron_desc_intra,intra,gmm,5,5,,10.0,0.5,0.9,1,0.75,0.9,,0,0,,0
logs/1029/citeseer_aron_desc_intra_r10.00_fmr0.50_d0.90_gmm_seed5_idx5_a0.80_g1.00_rstr_ts135706_16222_5972.log,citeseer,aron_desc_intra,intra,gmm,5,5,,10.0,0.5,0.9,1,0.8,1.0,,0,0,,0
logs/1029/citeseer_aron_desc_intra_r10.00_fmr0.50_d0.90_gmm_seed5_idx5_a0.90_g0.95_rstr_ts140212_16222_9233.log,citeseer,aron_desc_intra,intra,gmm,5,5,,10.0,0.5,0.9,1,0.9,0.95,,0,0,,0
logs/1029/citeseer_aron_desc_intra_r10.00_fmr0.50_d0.90_gmm_seed6_idx6_a0.75_g0.90_rstr_ts140710_16222_7626.log,citeseer,aron_desc_intra,intra,gmm,6,6,,10.0,0.5,0.9,1,0.75,0.9,,0,0,,0
logs/1029/citeseer_aron_desc_intra_r10.00_fmr0.50_d0.90_gmm_seed6_idx6_a0.80_g1.00_rstr_ts140445_16222_5730.log,citeseer,aron_desc_intra,intra,gmm,6,6,,10.0,0.5,0.9,1,0.8,1.0,,0,0,,0
logs/1029/citeseer_aron_desc_intra_r10.00_fmr0.50_d0.90_gmm_seed6_idx6_a0.90_g0.95_rstr_ts140944_16222_1220.log,citeseer,aron_desc_intra,intra,gmm,6,6,,10.0,0.5,0.9,1,0.9,0.95,,0,0,,0
logs/1029/citeseer_aron_desc_intra_r10.00_fmr0.50_d0.90_gmm_seed7_idx7_a0.75_g0.90_rstr_ts141448_16222_13791.log,citeseer,aron_desc_intra,intra,gmm,7,7,,10.0,0.5,0.9,1,0.75,0.9,,0,0,,0
logs/1029/citeseer_aron_desc_intra_r10.00_fmr0.50_d0.90_gmm_seed7_idx7_a0.80_g1.00_rstr_ts141216_16222_27134.log,citeseer,aron_desc_intra,intra,gmm,7,7,,10.0,0.5,0.9,1,0.8,1.0,,0,0,,0
logs/1029/citeseer_aron_desc_intra_r10.00_fmr0.50_d0.90_gmm_seed7_idx7_a0.90_g0.95_rstr_ts141722_16222_29631.log,citeseer,aron_desc_intra,intra,gmm,7,7,,10.0,0.5,0.9,1,0.9,0.95,,0,0,,0
logs/1029/citeseer_aron_desc_intra_r10.00_fmr0.50_d0.90_gmm_seed8_idx8_a0.75_g0.90_rstr_ts142231_16222_22906.log,citeseer,aron_desc_intra,intra,gmm,8,8,,10.0,0.5,0.9,1,0.75,0.9,,0,0,,0
logs/1029/citeseer_aron_desc_intra_r10.00_fmr0.50_d0.90_gmm_seed8_idx8_a0.80_g1.00_rstr_ts141955_16222_3579.log,citeseer,aron_desc_intra,intra,gmm,8,8,,10.0,0.5,0.9,1,0.8,1.0,,0,0,,0
logs/1029/citeseer_aron_desc_intra_r10.00_fmr0.50_d0.90_gmm_seed8_idx8_a0.90_g0.95_rstr_ts142504_16222_20748.log,citeseer,aron_desc_intra,intra,gmm,8,8,,10.0,0.5,0.9,1,0.9,0.95,,0,0,,0
logs/1029/citeseer_aron_desc_intra_r10.00_fmr0.50_d0.90_gmm_seed9_idx9_a0.75_g0.90_rstr_ts143011_16222_18935.log,citeseer,aron_desc_intra,intra,gmm,9,9,,10.0,0.5,0.9,1,0.75,0.9,,0,0,,0
logs/1029/citeseer_aron_desc_intra_r10.00_fmr0.50_d0.90_gmm_seed9_idx9_a0.80_g1.00_rstr_ts142738_16222_8621.log,citeseer,aron_desc_intra,intra,gmm,9,9,,10.0,0.5,0.9,1,0.8,1.0,,0,0,,0
logs/1029/citeseer_aron_desc_intra_r10.00_fmr0.50_d0.90_gmm_seed9_idx9_a0.90_g0.95_rstr_ts143244_16222_21281.log,citeseer,aron_desc_intra,intra,gmm,9,9,,10.0,0.5,0.9,1,0.9,0.95,,0,0,,0
logs/1029/cora_aron_desc_inter_r10.00_fmr0.50_d0.90_gmm_seed0_idx0_a0.75_g0.90_rstr_ts032230_16222_31652.log,cora,aron_desc_inter,inter,gmm,0,0,,10.0,0.5,0.9,1,0.75,0.9,,0,0,,0
logs/1029/cora_aron_desc_inter_r10.00_fmr0.50_d0.90_gmm_seed0_idx0_a0.80_g1.00_rstr_ts032049_16222_16374.log,cora,aron_desc_inter,inter,gmm,0,0,,10.0,0.5,0.9,1,0.8,1.0,,0,0,,0
logs/1029/cora_aron_desc_inter_r10.00_fmr0.50_d0.90_gmm_seed0_idx0_a0.90_g0.95_rstr_ts032410_16222_16041.log,cora,aron_desc_inter,inter,gmm,0,0,,10.0,0.5,0.9,1,0.9,0.95,,0,0,,0
logs/1029/cora_aron_desc_inter_r10.00_fmr0.50_d0.90_gmm_seed1_idx1_a0.75_g0.90_rstr_ts032730_16222_27842.log,cora,aron_desc_inter,inter,gmm,1,1,,10.0,0.5,0.9,1,0.75,0.9,,0,0,,0
logs/1029/cora_aron_desc_inter_r10.00_fmr0.50_d0.90_gmm_seed1_idx1_a0.80_g1.00_rstr_ts032552_16222_22905.log,cora,aron_desc_inter,inter,gmm,1,1,,10.0,0.5,0.9,1,0.8,1.0,,0,0,,0
logs/1029/cora_aron_desc_inter_r10.00_fmr0.50_d0.90_gmm_seed1_idx1_a0.90_g0.95_rstr_ts032909_16222_25405.log,cora,aron_desc_inter,inter,gmm,1,1,,10.0,0.5,0.9,1,0.9,0.95,,0,0,,0
logs/1029/cora_aron_desc_inter_r10.00_fmr0.50_d0.90_gmm_seed2_idx2_a0.75_g0.90_rstr_ts033227_16222_16536.log,cora,aron_desc_inter,inter,gmm,2,2,,10.0,0.5,0.9,1,0.75,0.9,,0,0,,0
logs/1029/cora_aron_desc_inter_r10.00_fmr0.50_d0.90_gmm_seed2_idx2_a0.80_g1.00_rstr_ts033049_16222_26088.log,cora,aron_desc_inter,inter,gmm,2,2,,10.0,0.5,0.9,1,0.8,1.0,,0,0,,0
logs/1029/cora_aron_desc_inter_r10.00_fmr0.50_d0.90_gmm_seed2_idx2_a0.90_g0.95_rstr_ts033406_16222_21875.log,cora,aron_desc_inter,inter,gmm,2,2,,10.0,0.5,0.9,1,0.9,0.95,,0,0,,0
logs/1029/cora_aron_desc_inter_r10.00_fmr0.50_d0.90_gmm_seed3_idx3_a0.75_g0.90_rstr_ts033728_16222_26394.log,cora,aron_desc_inter,inter,gmm,3,3,,10.0,0.5,0.9,1,0.75,0.9,,0,0,,0
logs/1029/cora_aron_desc_inter_r10.00_fmr0.50_d0.90_gmm_seed3_idx3_a0.80_g1.00_rstr_ts033548_16222_18132.log,cora,aron_desc_inter,inter,gmm,3,3,,10.0,0.5,0.9,1,0.8,1.0,,0,0,,0
logs/1029/cora_aron_desc_inter_r10.00_fmr0.50_d0.90_gmm_seed3_idx3_a0.90_g0.95_rstr_ts033906_16222_15874.log,cora,aron_desc_inter,inter,gmm,3,3,,10.0,0.5,0.9,1,0.9,0.95,,0,0,,0
logs/1029/cora_aron_desc_inter_r10.00_fmr0.50_d0.90_gmm_seed4_idx4_a0.75_g0.90_rstr_ts034227_16222_31344.log,cora,aron_desc_inter,inter,gmm,4,4,,10.0,0.5,0.9,1,0.75,0.9,,0,0,,0
logs/1029/cora_aron_desc_inter_r10.00_fmr0.50_d0.90_gmm_seed4_idx4_a0.80_g1.00_rstr_ts034047_16222_4786.log,cora,aron_desc_inter,inter,gmm,4,4,,10.0,0.5,0.9,1,0.8,1.0,,0,0,,0
logs/1029/cora_aron_desc_inter_r10.00_fmr0.50_d0.90_gmm_seed4_idx4_a0.90_g0.95_rstr_ts034408_16222_28033.log,cora,aron_desc_inter,inter,gmm,4,4,,10.0,0.5,0.9,1,0.9,0.95,,0,0,,0
logs/1029/cora_aron_desc_inter_r10.00_fmr0.50_d0.90_gmm_seed5_idx5_a0.75_g0.90_rstr_ts034732_16222_3127.log,cora,aron_desc_inter,inter,gmm,5,5,,10.0,0.5,0.9,1,0.75,0.9,,0,0,,0
logs/1029/cora_aron_desc_inter_r10.00_fmr0.50_d0.90_gmm_seed5_idx5_a0.80_g1.00_rstr_ts034550_16222_23745.log,cora,aron_desc_inter,inter,gmm,5,5,,10.0,0.5,0.9,1,0.8,1.0,,0,0,,0
logs/1029/cora_aron_desc_inter_r10.00_fmr0.50_d0.90_gmm_seed5_idx5_a0.90_g0.95_rstr_ts034913_16222_20495.log,cora,aron_desc_inter,inter,gmm,5,5,,10.0,0.5,0.9,1,0.9,0.95,,0,0,,0
logs/1029/cora_aron_desc_inter_r10.00_fmr0.50_d0.90_gmm_seed6_idx6_a0.75_g0.90_rstr_ts035233_16222_12932.log,cora,aron_desc_inter,inter,gmm,6,6,,10.0,0.5,0.9,1,0.75,0.9,,0,0,,0
logs/1029/cora_aron_desc_inter_r10.00_fmr0.50_d0.90_gmm_seed6_idx6_a0.80_g1.00_rstr_ts035052_16222_23918.log,cora,aron_desc_inter,inter,gmm,6,6,,10.0,0.5,0.9,1,0.8,1.0,,0,0,,0
logs/1029/cora_aron_desc_inter_r10.00_fmr0.50_d0.90_gmm_seed6_idx6_a0.90_g0.95_rstr_ts035412_16222_2521.log,cora,aron_desc_inter,inter,gmm,6,6,,10.0,0.5,0.9,1,0.9,0.95,,0,0,,0
logs/1029/cora_aron_desc_inter_r10.00_fmr0.50_d0.90_gmm_seed7_idx7_a0.75_g0.90_rstr_ts035734_16222_31988.log,cora,aron_desc_inter,inter,gmm,7,7,,10.0,0.5,0.9,1,0.75,0.9,,0,0,,0
logs/1029/cora_aron_desc_inter_r10.00_fmr0.50_d0.90_gmm_seed7_idx7_a0.80_g1.00_rstr_ts035554_16222_10434.log,cora,aron_desc_inter,inter,gmm,7,7,,10.0,0.5,0.9,1,0.8,1.0,,0,0,,0
logs/1029/cora_aron_desc_inter_r10.00_fmr0.50_d0.90_gmm_seed7_idx7_a0.90_g0.95_rstr_ts035915_16222_15896.log,cora,aron_desc_inter,inter,gmm,7,7,,10.0,0.5,0.9,1,0.9,0.95,,0,0,,0
logs/1029/cora_aron_desc_inter_r10.00_fmr0.50_d0.90_gmm_seed8_idx8_a0.75_g0.90_rstr_ts040235_16222_8239.log,cora,aron_desc_inter,inter,gmm,8,8,,10.0,0.5,0.9,1,0.75,0.9,,0,0,,0
logs/1029/cora_aron_desc_inter_r10.00_fmr0.50_d0.90_gmm_seed8_idx8_a0.80_g1.00_rstr_ts040056_16222_26420.log,cora,aron_desc_inter,inter,gmm,8,8,,10.0,0.5,0.9,1,0.8,1.0,,0,0,,0
logs/1029/cora_aron_desc_inter_r10.00_fmr0.50_d0.90_gmm_seed8_idx8_a0.90_g0.95_rstr_ts040416_16222_19995.log,cora,aron_desc_inter,inter,gmm,8,8,,10.0,0.5,0.9,1,0.9,0.95,,0,0,,0
logs/1029/cora_aron_desc_inter_r10.00_fmr0.50_d0.90_gmm_seed9_idx9_a0.75_g0.90_rstr_ts040738_16222_4901.log,cora,aron_desc_inter,inter,gmm,9,9,,10.0,0.5,0.9,1,0.75,0.9,,0,0,,0
logs/1029/cora_aron_desc_inter_r10.00_fmr0.50_d0.90_gmm_seed9_idx9_a0.80_g1.00_rstr_ts040558_16222_31962.log,cora,aron_desc_inter,inter,gmm,9,9,,10.0,0.5,0.9,1,0.8,1.0,,0,0,,0
logs/1029/cora_aron_desc_inter_r10.00_fmr0.50_d0.90_gmm_seed9_idx9_a0.90_g0.95_rstr_ts040921_16222_30576.log,cora,aron_desc_inter,inter,gmm,9,9,,10.0,0.5,0.9,1,0.9,0.95,,0,0,,0
logs/1029/cora_aron_desc_intra_r10.00_fmr0.50_d0.90_gmm_seed0_idx0_a0.75_g0.90_rstr_ts112411_16222_26779.log,cora,aron_desc_intra,intra,gmm,0,0,,10.0,0.5,0.9,1,0.75,0.9,,0,0,,0
logs/1029/cora_aron_desc_intra_r10.00_fmr0.50_d0.90_gmm_seed0_idx0_a0.80_g1.00_rstr_ts112228_16222_21807.log,cora,aron_desc_intra,intra,gmm,0,0,,10.0,0.5,0.9,1,0.8,1.0,,0,0,,0
logs/1029/cora_aron_desc_intra_r10.00_fmr0.50_d0.90_gmm_seed0_idx0_a0.90_g0.95_rstr_ts112556_16222_32052.log,cora,aron_desc_intra,intra,gmm,0,0,,10.0,0.5,0.9,1,0.9,0.95,,0,0,,0
logs/1029/cora_aron_desc_intra_r10.00_fmr0.50_d0.90_gmm_seed1_idx1_a0.75_g0.90_rstr_ts112922_16222_6241.log,cora,aron_desc_intra,intra,gmm,1,1,,10.0,0.5,0.9,1,0.75,0.9,,0,0,,0
logs/1029/cora_aron_desc_intra_r10.00_fmr0.50_d0.90_gmm_seed1_idx1_a0.80_g1.00_rstr_ts112738_16222_12273.log,cora,aron_desc_intra,intra,gmm,1,1,,10.0,0.5,0.9,1,0.8,1.0,,0,0,,0
logs/1029/cora_aron_desc_intra_r10.00_fmr0.50_d0.90_gmm_seed1_idx1_a0.90_g0.95_rstr_ts113106_16222_21284.log,cora,aron_desc_intra,intra,gmm,1,1,,10.0,0.5,0.9,1,0.9,0.95,,0,0,,0
logs/1029/cora_aron_desc_intra_r10.00_fmr0.50_d0.90_gmm_seed2_idx2_a0.75_g0.90_rstr_ts113433_16222_29246.log,cora,aron_desc_intra,intra,gmm,2,2,,10.0,0.5,0.9,1,0.75,0.9,,0,0,,0
logs/1029/cora_aron_desc_intra_r10.00_fmr0.50_d0.90_gmm_seed2_idx2_a0.80_g1.00_rstr_ts113250_16222_23744.log,cora,aron_desc_intra,intra,gmm,2,2,,10.0,0.5,0.9,1,0.8,1.0,,0,0,,0
logs/1029/cora_aron_desc_intra_r10.00_fmr0.50_d0.90_gmm_seed2_idx2_a0.90_g0.95_rstr_ts113616_16222_27974.log,cora,aron_desc_intra,intra,gmm,2,2,,10.0,0.5,0.9,1,0.9,0.95,,0,0,,0
logs/1029/cora_aron_desc_intra_r10.00_fmr0.50_d0.90_gmm_seed3_idx3_a0.75_g0.90_rstr_ts113945_16222_26220.log,cora,aron_desc_intra,intra,gmm,3,3,,10.0,0.5,0.9,1,0.75,0.9,,0,0,,0
logs/1029/cora_aron_desc_intra_r10.00_fmr0.50_d0.90_gmm_seed3_idx3_a0.80_g1.00_rstr_ts113759_16222_22381.log,cora,aron_desc_intra,intra,gmm,3,3,,10.0,0.5,0.9,1,0.8,1.0,,0,0,,0
logs/1029/cora_aron_desc_intra_r10.00_fmr0.50_d0.90_gmm_seed3_idx3_a0.90_g0.95_rstr_ts114131_16222_26336.log,cora,aron_desc_intra,intra,gmm,3,3,,10.0,0.5,0.9,1,0.9,0.95,,0,0,,0
logs/1029/cora_aron_desc_intra_r10.00_fmr0.50_d0.90_gmm_seed4_idx4_a0.75_g0.90_rstr_ts114458_16222_25407.log,cora,aron_desc_intra,intra,gmm,4,4,,10.0,0.5,0.9,1,0.75,0.9,,0,0,,0
logs/1029/cora_aron_desc_intra_r10.00_fmr0.50_d0.90_gmm_seed4_idx4_a0.80_g1.00_rstr_ts114314_16222_18557.log,cora,aron_desc_intra,intra,gmm,4,4,,10.0,0.5,0.9,1,0.8,1.0,,0,0,,0
logs/1029/cora_aron_desc_intra_r10.00_fmr0.50_d0.90_gmm_seed4_idx4_a0.90_g0.95_rstr_ts114639_16222_29346.log,cora,aron_desc_intra,intra,gmm,4,4,,10.0,0.5,0.9,1,0.9,0.95,,0,0,,0
logs/1029/cora_aron_desc_intra_r10.00_fmr0.50_d0.90_gmm_seed5_idx5_a0.75_g0.90_rstr_ts115006_16222_31070.log,cora,aron_desc_intra,intra,gmm,5,5,,10.0,0.5,0.9,1,0.75,0.9,,0,0,,0
logs/1029/cora_aron_desc_intra_r10.00_fmr0.50_d0.90_gmm_seed5_idx5_a0.80_g1.00_rstr_ts114824_16222_11800.log,cora,aron_desc_intra,intra,gmm,5,5,,10.0,0.5,0.9,1,0.8,1.0,,0,0,,0
logs/1029/cora_aron_desc_intra_r10.00_fmr0.50_d0.90_gmm_seed5_idx5_a0.90_g0.95_rstr_ts115149_16222_16062.log,cora,aron_desc_intra,intra,gmm,5,5,,10.0,0.5,0.9,1,0.9,0.95,,0,0,,0
logs/1029/cora_aron_desc_intra_r10.00_fmr0.50_d0.90_gmm_seed6_idx6_a0.75_g0.90_rstr_ts115516_16222_13218.log,cora,aron_desc_intra,intra,gmm,6,6,,10.0,0.5,0.9,1,0.75,0.9,,0,0,,0
logs/1029/cora_aron_desc_intra_r10.00_fmr0.50_d0.90_gmm_seed6_idx6_a0.80_g1.00_rstr_ts115334_16222_15078.log,cora,aron_desc_intra,intra,gmm,6,6,,10.0,0.5,0.9,1,0.8,1.0,,0,0,,0
logs/1029/cora_aron_desc_intra_r10.00_fmr0.50_d0.90_gmm_seed6_idx6_a0.90_g0.95_rstr_ts115700_16222_1766.log,cora,aron_desc_intra,intra,gmm,6,6,,10.0,0.5,0.9,1,0.9,0.95,,0,0,,0
logs/1029/cora_aron_desc_intra_r10.00_fmr0.50_d0.90_gmm_seed7_idx7_a0.75_g0.90_rstr_ts120028_16222_32552.log,cora,aron_desc_intra,intra,gmm,7,7,,10.0,0.5,0.9,1,0.75,0.9,,0,0,,0
logs/1029/cora_aron_desc_intra_r10.00_fmr0.50_d0.90_gmm_seed7_idx7_a0.80_g1.00_rstr_ts115844_16222_10382.log,cora,aron_desc_intra,intra,gmm,7,7,,10.0,0.5,0.9,1,0.8,1.0,,0,0,,0
logs/1029/cora_aron_desc_intra_r10.00_fmr0.50_d0.90_gmm_seed7_idx7_a0.90_g0.95_rstr_ts120212_16222_8428.log,cora,aron_desc_intra,intra,gmm,7,7,,10.0,0.5,0.9,1,0.9,0.95,,0,0,,0
logs/1029/cora_aron_desc_intra_r10.00_fmr0.50_d0.90_gmm_seed8_idx8_a0.75_g0.90_rstr_ts120539_16222_504.log,cora,aron_desc_intra,intra,gmm,8,8,,10.0,0.5,0.9,1,0.75,0.9,,0,0,,0
logs/1029/cora_aron_desc_intra_r10.00_fmr0.50_d0.90_gmm_seed8_idx8_a0.80_g1.00_rstr_ts120355_16222_2638.log,cora,aron_desc_intra,intra,gmm,8,8,,10.0,0.5,0.9,1,0.8,1.0,,0,0,,0
logs/1029/cora_aron_desc_intra_r10.00_fmr0.50_d0.90_gmm_seed8_idx8_a0.90_g0.95_rstr_ts120722_16222_18853.log,cora,aron_desc_intra,intra,gmm,8,8,,10.0,0.5,0.9,1,0.9,0.95,,0,0,,0
logs/1029/cora_aron_desc_intra_r10.00_fmr0.50_d0.90_gmm_seed9_idx9_a0.75_g0.90_rstr_ts121050_16222_29769.log,cora,aron_desc_intra,intra,gmm,9,9,,10.0,0.5,0.9,1,0.75,0.9,,0,0,,0
logs/1029/cora_aron_desc_intra_r10.00_fmr0.50_d0.90_gmm_seed9_idx9_a0.80_g1.00_rstr_ts120907_16222_5101.log,cora,aron_desc_intra,intra,gmm,9,9,,10.0,0.5,0.9,1,0.8,1.0,,0,0,,0
logs/1029/cora_aron_desc_intra_r10.00_fmr0.50_d0.90_gmm_seed9_idx9_a0.90_g0.95_rstr_ts121234_16222_28836.log,cora,aron_desc_intra,intra,gmm,9,9,,10.0,0.5,0.9,1,0.9,0.95,,0,0,,0
