dataset,ver,kind,scope,remove_frac_hint,alpha,gamma,c0p_prune_frac,aug_ratio,aug_bound,deg_thr,seed,idx,cluster_method,log_file,test_hit3,test_hit10,end_radius,delta_radius,total_removed
Cora_ML,remove_only_intra_c0p,intra,c0p,,0.8,1.0,0.1,0.5,0.5,0.5,0,0,gmm,/home/retro/ARON/log/1117/Cora_ML_remove_only_intra_c0p_a0.80_g1.00_c0p0.10_seed0_r0.5_fmr0.5_d0.5_gmm_idx0_loss_origin.log,0.24171779141104294,0.49570552147239266,0.6044648289680481,-0.060264,29
Cora_ML,remove_only_intra_c0p,intra,c0p,,0.8,1.0,0.1,0.5,0.5,0.5,10,10,gmm,/home/retro/ARON/log/1117/Cora_ML_remove_only_intra_c0p_a0.80_g1.00_c0p0.10_seed10_r0.5_fmr0.5_d0.5_gmm_idx10_loss_origin.log,0.350920245398773,0.5607361963190184,0.5875731110572815,-0.077156,32
Cora_ML,remove_only_intra_c0p,intra,c0p,,0.8,1.0,0.1,0.5,0.5,0.5,11,11,gmm,/home/retro/ARON/log/1117/Cora_ML_remove_only_intra_c0p_a0.80_g1.00_c0p0.10_seed11_r0.5_fmr0.5_d0.5_gmm_idx11_loss_origin.log,0.22699386503067484,0.5435582822085889,0.6069865822792053,-0.057742,30
Cora_ML,remove_only_intra_c0p,intra,c0p,,0.8,1.0,0.1,0.5,0.5,0.5,12,12,gmm,/home/retro/ARON/log/1117/Cora_ML_remove_only_intra_c0p_a0.80_g1.00_c0p0.10_seed12_r0.5_fmr0.5_d0.5_gmm_idx12_loss_origin.log,0.23680981595092024,0.5349693251533743,0.5943952202796936,-0.070333,33
Cora_ML,remove_only_intra_c0p,intra,c0p,,0.8,1.0,0.1,0.5,0.5,0.5,13,13,gmm,/home/retro/ARON/log/1117/Cora_ML_remove_only_intra_c0p_a0.80_g1.00_c0p0.10_seed13_r0.5_fmr0.5_d0.5_gmm_idx13_loss_origin.log,0.23190184049079754,0.48098159509202454,0.604343056678772,-0.060386,29
Cora_ML,remove_only_intra_c0p,intra,c0p,,0.8,1.0,0.1,0.5,0.5,0.5,14,14,gmm,/home/retro/ARON/log/1117/Cora_ML_remove_only_intra_c0p_a0.80_g1.00_c0p0.10_seed14_r0.5_fmr0.5_d0.5_gmm_idx14_loss_origin.log,0.34478527607361964,0.4625766871165644,0.5971930027008057,-0.067536,30
Cora_ML,remove_only_intra_c0p,intra,c0p,,0.8,1.0,0.1,0.5,0.5,0.5,15,15,gmm,/home/retro/ARON/log/1117/Cora_ML_remove_only_intra_c0p_a0.80_g1.00_c0p0.10_seed15_r0.5_fmr0.5_d0.5_gmm_idx15_loss_origin.log,0.2920245398773006,0.5361963190184049,0.6123424172401428,-0.052386,31
Cora_ML,remove_only_intra_c0p,intra,c0p,,0.8,1.0,0.1,0.5,0.5,0.5,16,16,gmm,/home/retro/ARON/log/1117/Cora_ML_remove_only_intra_c0p_a0.80_g1.00_c0p0.10_seed16_r0.5_fmr0.5_d0.5_gmm_idx16_loss_origin.log,0.33496932515337424,0.47975460122699387,0.5967226028442383,-0.068006,30
Cora_ML,remove_only_intra_c0p,intra,c0p,,0.8,1.0,0.1,0.5,0.5,0.5,17,17,gmm,/home/retro/ARON/log/1117/Cora_ML_remove_only_intra_c0p_a0.80_g1.00_c0p0.10_seed17_r0.5_fmr0.5_d0.5_gmm_idx17_loss_origin.log,0.26993865030674846,0.49079754601226994,0.6042086482048035,-0.06052,34
Cora_ML,remove_only_intra_c0p,intra,c0p,,0.8,1.0,0.1,0.5,0.5,0.5,18,18,gmm,/home/retro/ARON/log/1117/Cora_ML_remove_only_intra_c0p_a0.80_g1.00_c0p0.10_seed18_r0.5_fmr0.5_d0.5_gmm_idx18_loss_origin.log,0.2871165644171779,0.5190184049079755,0.6043870449066162,-0.060342,32
Cora_ML,remove_only_intra_c0p,intra,c0p,,0.8,1.0,0.1,0.5,0.5,0.5,19,19,gmm,/home/retro/ARON/log/1117/Cora_ML_remove_only_intra_c0p_a0.80_g1.00_c0p0.10_seed19_r0.5_fmr0.5_d0.5_gmm_idx19_loss_origin.log,0.27975460122699386,0.4662576687116564,0.5824747681617737,-0.082254,29
Cora_ML,remove_only_intra_c0p,intra,c0p,,0.8,1.0,0.1,0.5,0.5,0.5,1,1,gmm,/home/retro/ARON/log/1117/Cora_ML_remove_only_intra_c0p_a0.80_g1.00_c0p0.10_seed1_r0.5_fmr0.5_d0.5_gmm_idx1_loss_origin.log,0.2392638036809816,0.4834355828220859,0.6054181456565857,-0.05931,28
Cora_ML,remove_only_intra_c0p,intra,c0p,,0.8,1.0,0.1,0.5,0.5,0.5,20,20,gmm,/home/retro/ARON/log/1117/Cora_ML_remove_only_intra_c0p_a0.80_g1.00_c0p0.10_seed20_r0.5_fmr0.5_d0.5_gmm_idx20_loss_origin.log,0.28957055214723926,0.48957055214723927,0.6071147322654724,-0.057614,32
Cora_ML,remove_only_intra_c0p,intra,c0p,,0.8,1.0,0.1,0.5,0.5,0.5,21,21,gmm,/home/retro/ARON/log/1117/Cora_ML_remove_only_intra_c0p_a0.80_g1.00_c0p0.10_seed21_r0.5_fmr0.5_d0.5_gmm_idx21_loss_origin.log,0.32883435582822085,0.46503067484662575,0.5859978795051575,-0.078731,33
Cora_ML,remove_only_intra_c0p,intra,c0p,,0.8,1.0,0.1,0.5,0.5,0.5,22,22,gmm,/home/retro/ARON/log/1117/Cora_ML_remove_only_intra_c0p_a0.80_g1.00_c0p0.10_seed22_r0.5_fmr0.5_d0.5_gmm_idx22_loss_origin.log,0.21717791411042944,0.50920245398773,0.5982095003128052,-0.066519,31
Cora_ML,remove_only_intra_c0p,intra,c0p,,0.8,1.0,0.1,0.5,0.5,0.5,23,23,gmm,/home/retro/ARON/log/1117/Cora_ML_remove_only_intra_c0p_a0.80_g1.00_c0p0.10_seed23_r0.5_fmr0.5_d0.5_gmm_idx23_loss_origin.log,0.24171779141104294,0.498159509202454,0.6042544841766357,-0.060474,30
Cora_ML,remove_only_intra_c0p,intra,c0p,,0.8,1.0,0.1,0.5,0.5,0.5,24,24,gmm,/home/retro/ARON/log/1117/Cora_ML_remove_only_intra_c0p_a0.80_g1.00_c0p0.10_seed24_r0.5_fmr0.5_d0.5_gmm_idx24_loss_origin.log,0.3263803680981595,0.49693251533742333,0.5957372784614563,-0.068991,31
Cora_ML,remove_only_intra_c0p,intra,c0p,,0.8,1.0,0.1,0.5,0.5,0.5,25,25,gmm,/home/retro/ARON/log/1117/Cora_ML_remove_only_intra_c0p_a0.80_g1.00_c0p0.10_seed25_r0.5_fmr0.5_d0.5_gmm_idx25_loss_origin.log,0.2907975460122699,0.4662576687116564,0.5996187329292297,-0.06511,29
Cora_ML,remove_only_intra_c0p,intra,c0p,,0.8,1.0,0.1,0.5,0.5,0.5,26,26,gmm,/home/retro/ARON/log/1117/Cora_ML_remove_only_intra_c0p_a0.80_g1.00_c0p0.10_seed26_r0.5_fmr0.5_d0.5_gmm_idx26_loss_origin.log,0.2920245398773006,0.48466257668711654,0.5928647518157959,-0.071864,32
Cora_ML,remove_only_intra_c0p,intra,c0p,,0.8,1.0,0.1,0.5,0.5,0.5,27,27,gmm,/home/retro/ARON/log/1117/Cora_ML_remove_only_intra_c0p_a0.80_g1.00_c0p0.10_seed27_r0.5_fmr0.5_d0.5_gmm_idx27_loss_origin.log,0.3128834355828221,0.4699386503067485,0.5955128073692322,-0.069216,27
Cora_ML,remove_only_intra_c0p,intra,c0p,,0.8,1.0,0.1,0.5,0.5,0.5,28,28,gmm,/home/retro/ARON/log/1117/Cora_ML_remove_only_intra_c0p_a0.80_g1.00_c0p0.10_seed28_r0.5_fmr0.5_d0.5_gmm_idx28_loss_origin.log,0.2674846625766871,0.5202453987730061,0.6013306975364685,-0.063398,31
Cora_ML,remove_only_intra_c0p,intra,c0p,,0.8,1.0,0.1,0.5,0.5,0.5,29,29,gmm,/home/retro/ARON/log/1117/Cora_ML_remove_only_intra_c0p_a0.80_g1.00_c0p0.10_seed29_r0.5_fmr0.5_d0.5_gmm_idx29_loss_origin.log,0.30920245398773005,0.505521472392638,0.5963811874389648,-0.068347,32
Cora_ML,remove_only_intra_c0p,intra,c0p,,0.8,1.0,0.1,0.5,0.5,0.5,2,2,gmm,/home/retro/ARON/log/1117/Cora_ML_remove_only_intra_c0p_a0.80_g1.00_c0p0.10_seed2_r0.5_fmr0.5_d0.5_gmm_idx2_loss_origin.log,0.3656441717791411,0.4466257668711656,0.6067249178886414,-0.058004,32
Cora_ML,remove_only_intra_c0p,intra,c0p,,0.8,1.0,0.1,0.5,0.5,0.5,3,3,gmm,/home/retro/ARON/log/1117/Cora_ML_remove_only_intra_c0p_a0.80_g1.00_c0p0.10_seed3_r0.5_fmr0.5_d0.5_gmm_idx3_loss_origin.log,0.24539877300613497,0.5447852760736196,0.5912290811538696,-0.0735,32
Cora_ML,remove_only_intra_c0p,intra,c0p,,0.8,1.0,0.1,0.5,0.5,0.5,4,4,gmm,/home/retro/ARON/log/1117/Cora_ML_remove_only_intra_c0p_a0.80_g1.00_c0p0.10_seed4_r0.5_fmr0.5_d0.5_gmm_idx4_loss_origin.log,0.3006134969325153,0.4785276073619632,0.6013715863227844,-0.063357,33
Cora_ML,remove_only_intra_c0p,intra,c0p,,0.8,1.0,0.1,0.5,0.5,0.5,5,5,gmm,/home/retro/ARON/log/1117/Cora_ML_remove_only_intra_c0p_a0.80_g1.00_c0p0.10_seed5_r0.5_fmr0.5_d0.5_gmm_idx5_loss_origin.log,0.24171779141104294,0.5349693251533743,0.6112365126609802,-0.053492,30
Cora_ML,remove_only_intra_c0p,intra,c0p,,0.8,1.0,0.1,0.5,0.5,0.5,6,6,gmm,/home/retro/ARON/log/1117/Cora_ML_remove_only_intra_c0p_a0.80_g1.00_c0p0.10_seed6_r0.5_fmr0.5_d0.5_gmm_idx6_loss_origin.log,0.2785276073619632,0.4662576687116564,0.591183602809906,-0.073545,31
Cora_ML,remove_only_intra_c0p,intra,c0p,,0.8,1.0,0.1,0.5,0.5,0.5,7,7,gmm,/home/retro/ARON/log/1117/Cora_ML_remove_only_intra_c0p_a0.80_g1.00_c0p0.10_seed7_r0.5_fmr0.5_d0.5_gmm_idx7_loss_origin.log,0.22699386503067484,0.48588957055214727,0.5924786925315857,-0.07225,30
Cora_ML,remove_only_intra_c0p,intra,c0p,,0.8,1.0,0.1,0.5,0.5,0.5,8,8,gmm,/home/retro/ARON/log/1117/Cora_ML_remove_only_intra_c0p_a0.80_g1.00_c0p0.10_seed8_r0.5_fmr0.5_d0.5_gmm_idx8_loss_origin.log,0.22699386503067484,0.4687116564417178,0.5886379480361938,-0.076091,31
Cora_ML,remove_only_intra_c0p,intra,c0p,,0.8,1.0,0.1,0.5,0.5,0.5,9,9,gmm,/home/retro/ARON/log/1117/Cora_ML_remove_only_intra_c0p_a0.80_g1.00_c0p0.10_seed9_r0.5_fmr0.5_d0.5_gmm_idx9_loss_origin.log,0.24049079754601227,0.5484662576687117,0.5997474789619446,-0.064981,26
Cora_ML,remove_only_intra_noncore,intra,noncore,,0.8,1.0,0.1,0.5,0.5,0.5,0,0,gmm,/home/retro/ARON/log/1117/Cora_ML_remove_only_intra_noncore_a0.80_g1.00_c0p0.10_seed0_r0.5_fmr0.5_d0.5_gmm_idx0_loss_origin.log,0.3693251533742331,0.49570552147239266,0.598149836063385,-0.066579,31
Cora_ML,remove_only_intra_noncore,intra,noncore,,0.8,1.0,0.1,0.5,0.5,0.5,10,10,gmm,/home/retro/ARON/log/1117/Cora_ML_remove_only_intra_noncore_a0.80_g1.00_c0p0.10_seed10_r0.5_fmr0.5_d0.5_gmm_idx10_loss_origin.log,0.2343558282208589,0.5067484662576687,0.6018972992897034,-0.062831,31
Cora_ML,remove_only_intra_noncore,intra,noncore,,0.8,1.0,0.1,0.5,0.5,0.5,11,11,gmm,/home/retro/ARON/log/1117/Cora_ML_remove_only_intra_noncore_a0.80_g1.00_c0p0.10_seed11_r0.5_fmr0.5_d0.5_gmm_idx11_loss_origin.log,0.18036809815950922,0.4834355828220859,0.6118955016136169,-0.052833,31
Cora_ML,remove_only_intra_noncore,intra,noncore,,0.8,1.0,0.1,0.5,0.5,0.5,12,12,gmm,/home/retro/ARON/log/1117/Cora_ML_remove_only_intra_noncore_a0.80_g1.00_c0p0.10_seed12_r0.5_fmr0.5_d0.5_gmm_idx12_loss_origin.log,0.2147239263803681,0.5042944785276073,0.600801944732666,-0.063927,32
Cora_ML,remove_only_intra_noncore,intra,noncore,,0.8,1.0,0.1,0.5,0.5,0.5,13,13,gmm,/home/retro/ARON/log/1117/Cora_ML_remove_only_intra_noncore_a0.80_g1.00_c0p0.10_seed13_r0.5_fmr0.5_d0.5_gmm_idx13_loss_origin.log,0.2184049079754601,0.501840490797546,0.587916910648346,-0.076812,30
Cora_ML,remove_only_intra_noncore,intra,noncore,,0.8,1.0,0.1,0.5,0.5,0.5,14,14,gmm,/home/retro/ARON/log/1117/Cora_ML_remove_only_intra_noncore_a0.80_g1.00_c0p0.10_seed14_r0.5_fmr0.5_d0.5_gmm_idx14_loss_origin.log,0.298159509202454,0.4503067484662577,0.5962814688682556,-0.068447,29
Cora_ML,remove_only_intra_noncore,intra,noncore,,0.8,1.0,0.1,0.5,0.5,0.5,15,15,gmm,/home/retro/ARON/log/1117/Cora_ML_remove_only_intra_noncore_a0.80_g1.00_c0p0.10_seed15_r0.5_fmr0.5_d0.5_gmm_idx15_loss_origin.log,0.23067484662576687,0.5128834355828221,0.6006684303283691,-0.06406,30
Cora_ML,remove_only_intra_noncore,intra,noncore,,0.8,1.0,0.1,0.5,0.5,0.5,16,16,gmm,/home/retro/ARON/log/1117/Cora_ML_remove_only_intra_noncore_a0.80_g1.00_c0p0.10_seed16_r0.5_fmr0.5_d0.5_gmm_idx16_loss_origin.log,0.3521472392638037,0.48588957055214727,0.6078835725784302,-0.056845,31
Cora_ML,remove_only_intra_noncore,intra,noncore,,0.8,1.0,0.1,0.5,0.5,0.5,17,17,gmm,/home/retro/ARON/log/1117/Cora_ML_remove_only_intra_noncore_a0.80_g1.00_c0p0.10_seed17_r0.5_fmr0.5_d0.5_gmm_idx17_loss_origin.log,0.2846625766871166,0.46503067484662575,0.5874078869819641,-0.077321,30
Cora_ML,remove_only_intra_noncore,intra,noncore,,0.8,1.0,0.1,0.5,0.5,0.5,18,18,gmm,/home/retro/ARON/log/1117/Cora_ML_remove_only_intra_noncore_a0.80_g1.00_c0p0.10_seed18_r0.5_fmr0.5_d0.5_gmm_idx18_loss_origin.log,0.2392638036809816,0.5128834355828221,0.6042546629905701,-0.060474,32
Cora_ML,remove_only_intra_noncore,intra,noncore,,0.8,1.0,0.1,0.5,0.5,0.5,19,19,gmm,/home/retro/ARON/log/1117/Cora_ML_remove_only_intra_noncore_a0.80_g1.00_c0p0.10_seed19_r0.5_fmr0.5_d0.5_gmm_idx19_loss_origin.log,0.3165644171779141,0.47484662576687114,0.604928195476532,-0.0598,31
Cora_ML,remove_only_intra_noncore,intra,noncore,,0.8,1.0,0.1,0.5,0.5,0.5,1,1,gmm,/home/retro/ARON/log/1117/Cora_ML_remove_only_intra_noncore_a0.80_g1.00_c0p0.10_seed1_r0.5_fmr0.5_d0.5_gmm_idx1_loss_origin.log,0.2625766871165644,0.5226993865030675,0.6114206314086914,-0.053308,30
Cora_ML,remove_only_intra_noncore,intra,noncore,,0.8,1.0,0.1,0.5,0.5,0.5,20,20,gmm,/home/retro/ARON/log/1117/Cora_ML_remove_only_intra_noncore_a0.80_g1.00_c0p0.10_seed20_r0.5_fmr0.5_d0.5_gmm_idx20_loss_origin.log,0.298159509202454,0.5533742331288344,0.6090068221092224,-0.055722,29
Cora_ML,remove_only_intra_noncore,intra,noncore,,0.8,1.0,0.1,0.5,0.5,0.5,21,21,gmm,/home/retro/ARON/log/1117/Cora_ML_remove_only_intra_noncore_a0.80_g1.00_c0p0.10_seed21_r0.5_fmr0.5_d0.5_gmm_idx21_loss_origin.log,0.27116564417177913,0.4834355828220859,0.5934213399887085,-0.071307,30
Cora_ML,remove_only_intra_noncore,intra,noncore,,0.8,1.0,0.1,0.5,0.5,0.5,22,22,gmm,/home/retro/ARON/log/1117/Cora_ML_remove_only_intra_noncore_a0.80_g1.00_c0p0.10_seed22_r0.5_fmr0.5_d0.5_gmm_idx22_loss_origin.log,0.36319018404907977,0.5165644171779141,0.5974293351173401,-0.067299,29
Cora_ML,remove_only_intra_noncore,intra,noncore,,0.8,1.0,0.1,0.5,0.5,0.5,23,23,gmm,/home/retro/ARON/log/1117/Cora_ML_remove_only_intra_noncore_a0.80_g1.00_c0p0.10_seed23_r0.5_fmr0.5_d0.5_gmm_idx23_loss_origin.log,0.25644171779141106,0.5435582822085889,0.6043398380279541,-0.060389,34
Cora_ML,remove_only_intra_noncore,intra,noncore,,0.8,1.0,0.1,0.5,0.5,0.5,24,24,gmm,/home/retro/ARON/log/1117/Cora_ML_remove_only_intra_noncore_a0.80_g1.00_c0p0.10_seed24_r0.5_fmr0.5_d0.5_gmm_idx24_loss_origin.log,0.3361963190184049,0.5263803680981595,0.6059861779212952,-0.058742,31
Cora_ML,remove_only_intra_noncore,intra,noncore,,0.8,1.0,0.1,0.5,0.5,0.5,25,25,gmm,/home/retro/ARON/log/1117/Cora_ML_remove_only_intra_noncore_a0.80_g1.00_c0p0.10_seed25_r0.5_fmr0.5_d0.5_gmm_idx25_loss_origin.log,0.20613496932515338,0.50920245398773,0.5997253656387329,-0.065003,30
Cora_ML,remove_only_intra_noncore,intra,noncore,,0.8,1.0,0.1,0.5,0.5,0.5,26,26,gmm,/home/retro/ARON/log/1117/Cora_ML_remove_only_intra_noncore_a0.80_g1.00_c0p0.10_seed26_r0.5_fmr0.5_d0.5_gmm_idx26_loss_origin.log,0.36319018404907977,0.5165644171779141,0.604636549949646,-0.060092,28
Cora_ML,remove_only_intra_noncore,intra,noncore,,0.8,1.0,0.1,0.5,0.5,0.5,27,27,gmm,/home/retro/ARON/log/1117/Cora_ML_remove_only_intra_noncore_a0.80_g1.00_c0p0.10_seed27_r0.5_fmr0.5_d0.5_gmm_idx27_loss_origin.log,0.2723926380368098,0.5288343558282208,0.5905016660690308,-0.074227,32
Cora_ML,remove_only_intra_noncore,intra,noncore,,0.8,1.0,0.1,0.5,0.5,0.5,28,28,gmm,/home/retro/ARON/log/1117/Cora_ML_remove_only_intra_noncore_a0.80_g1.00_c0p0.10_seed28_r0.5_fmr0.5_d0.5_gmm_idx28_loss_origin.log,0.18895705521472392,0.5337423312883436,0.5968526601791382,-0.067876,29
Cora_ML,remove_only_intra_noncore,intra,noncore,,0.8,1.0,0.1,0.5,0.5,0.5,29,29,gmm,/home/retro/ARON/log/1117/Cora_ML_remove_only_intra_noncore_a0.80_g1.00_c0p0.10_seed29_r0.5_fmr0.5_d0.5_gmm_idx29_loss_origin.log,0.21226993865030674,0.49325153374233127,0.6012932062149048,-0.063435,27
Cora_ML,remove_only_intra_noncore,intra,noncore,,0.8,1.0,0.1,0.5,0.5,0.5,2,2,gmm,/home/retro/ARON/log/1117/Cora_ML_remove_only_intra_noncore_a0.80_g1.00_c0p0.10_seed2_r0.5_fmr0.5_d0.5_gmm_idx2_loss_origin.log,0.3202453987730061,0.5165644171779141,0.5917487740516663,-0.07298,32
Cora_ML,remove_only_intra_noncore,intra,noncore,,0.8,1.0,0.1,0.5,0.5,0.5,3,3,gmm,/home/retro/ARON/log/1117/Cora_ML_remove_only_intra_noncore_a0.80_g1.00_c0p0.10_seed3_r0.5_fmr0.5_d0.5_gmm_idx3_loss_origin.log,0.3214723926380368,0.5128834355828221,0.5894989967346191,-0.07523,34
Cora_ML,remove_only_intra_noncore,intra,noncore,,0.8,1.0,0.1,0.5,0.5,0.5,4,4,gmm,/home/retro/ARON/log/1117/Cora_ML_remove_only_intra_noncore_a0.80_g1.00_c0p0.10_seed4_r0.5_fmr0.5_d0.5_gmm_idx4_loss_origin.log,0.36687116564417177,0.50920245398773,0.6079652905464172,-0.056763,31
Cora_ML,remove_only_intra_noncore,intra,noncore,,0.8,1.0,0.1,0.5,0.5,0.5,5,5,gmm,/home/retro/ARON/log/1117/Cora_ML_remove_only_intra_noncore_a0.80_g1.00_c0p0.10_seed5_r0.5_fmr0.5_d0.5_gmm_idx5_loss_origin.log,0.3030674846625767,0.4245398773006135,0.5904727578163147,-0.074256,32
Cora_ML,remove_only_intra_noncore,intra,noncore,,0.8,1.0,0.1,0.5,0.5,0.5,6,6,gmm,/home/retro/ARON/log/1117/Cora_ML_remove_only_intra_noncore_a0.80_g1.00_c0p0.10_seed6_r0.5_fmr0.5_d0.5_gmm_idx6_loss_origin.log,0.23680981595092024,0.5141104294478528,0.5952532291412354,-0.069475,31
Cora_ML,remove_only_intra_noncore,intra,noncore,,0.8,1.0,0.1,0.5,0.5,0.5,7,7,gmm,/home/retro/ARON/log/1117/Cora_ML_remove_only_intra_noncore_a0.80_g1.00_c0p0.10_seed7_r0.5_fmr0.5_d0.5_gmm_idx7_loss_origin.log,0.2748466257668712,0.48711656441717793,0.6122716665267944,-0.052457,29
Cora_ML,remove_only_intra_noncore,intra,noncore,,0.8,1.0,0.1,0.5,0.5,0.5,8,8,gmm,/home/retro/ARON/log/1117/Cora_ML_remove_only_intra_noncore_a0.80_g1.00_c0p0.10_seed8_r0.5_fmr0.5_d0.5_gmm_idx8_loss_origin.log,0.34355828220858897,0.5153374233128835,0.6045539379119873,-0.060175,29
Cora_ML,remove_only_intra_noncore,intra,noncore,,0.8,1.0,0.1,0.5,0.5,0.5,9,9,gmm,/home/retro/ARON/log/1117/Cora_ML_remove_only_intra_noncore_a0.80_g1.00_c0p0.10_seed9_r0.5_fmr0.5_d0.5_gmm_idx9_loss_origin.log,0.2282208588957055,0.45521472392638035,0.5964258313179016,-0.068303,32
LastFMAsia,remove_only_intra_c0p,intra,c0p,,0.8,1.0,0.1,0.5,0.5,0.8,0,0,gmm,/home/retro/ARON/log/1117/LastFMAsia_remove_only_intra_c0p_a0.80_g1.00_c0p0.10_seed0_r0.5_fmr0.5_d0.8_gmm_idx0_loss_origin.log,0.17050359712230215,0.32410071942446045,0.5581504702568054,-0.285038,16
LastFMAsia,remove_only_intra_c0p,intra,c0p,,0.8,1.0,0.1,0.5,0.5,0.8,10,10,gmm,/home/retro/ARON/log/1117/LastFMAsia_remove_only_intra_c0p_a0.80_g1.00_c0p0.10_seed10_r0.5_fmr0.5_d0.8_gmm_idx10_loss_origin.log,0.17158273381294964,0.28489208633093527,0.5562645792961121,-0.286924,17
LastFMAsia,remove_only_intra_c0p,intra,c0p,,0.8,1.0,0.1,0.5,0.5,0.8,11,11,gmm,/home/retro/ARON/log/1117/LastFMAsia_remove_only_intra_c0p_a0.80_g1.00_c0p0.10_seed11_r0.5_fmr0.5_d0.8_gmm_idx11_loss_origin.log,0.16007194244604317,0.3226618705035971,0.5595811605453491,-0.283607,17
LastFMAsia,remove_only_intra_c0p,intra,c0p,,0.8,1.0,0.1,0.5,0.5,0.8,12,12,gmm,/home/retro/ARON/log/1117/LastFMAsia_remove_only_intra_c0p_a0.80_g1.00_c0p0.10_seed12_r0.5_fmr0.5_d0.8_gmm_idx12_loss_origin.log,0.20107913669064748,0.31798561151079136,0.5641483664512634,-0.27904,16
LastFMAsia,remove_only_intra_c0p,intra,c0p,,0.8,1.0,0.1,0.5,0.5,0.8,13,13,gmm,/home/retro/ARON/log/1117/LastFMAsia_remove_only_intra_c0p_a0.80_g1.00_c0p0.10_seed13_r0.5_fmr0.5_d0.8_gmm_idx13_loss_origin.log,0.16258992805755396,0.27661870503597125,0.5618590712547302,-0.281329,16
LastFMAsia,remove_only_intra_c0p,intra,c0p,,0.8,1.0,0.1,0.5,0.5,0.8,14,14,gmm,/home/retro/ARON/log/1117/LastFMAsia_remove_only_intra_c0p_a0.80_g1.00_c0p0.10_seed14_r0.5_fmr0.5_d0.8_gmm_idx14_loss_origin.log,0.1669064748201439,0.26258992805755393,0.5630513429641724,-0.280137,17
LastFMAsia,remove_only_intra_c0p,intra,c0p,,0.8,1.0,0.1,0.5,0.5,0.8,15,15,gmm,/home/retro/ARON/log/1117/LastFMAsia_remove_only_intra_c0p_a0.80_g1.00_c0p0.10_seed15_r0.5_fmr0.5_d0.8_gmm_idx15_loss_origin.log,0.18884892086330934,0.3298561151079137,0.5711598992347717,-0.272028,16
LastFMAsia,remove_only_intra_c0p,intra,c0p,,0.8,1.0,0.1,0.5,0.5,0.8,16,16,gmm,/home/retro/ARON/log/1117/LastFMAsia_remove_only_intra_c0p_a0.80_g1.00_c0p0.10_seed16_r0.5_fmr0.5_d0.8_gmm_idx16_loss_origin.log,0.17913669064748203,0.32302158273381293,0.5543444752693176,-0.288844,17
LastFMAsia,remove_only_intra_c0p,intra,c0p,,0.8,1.0,0.1,0.5,0.5,0.8,17,17,gmm,/home/retro/ARON/log/1117/LastFMAsia_remove_only_intra_c0p_a0.80_g1.00_c0p0.10_seed17_r0.5_fmr0.5_d0.8_gmm_idx17_loss_origin.log,0.18633093525179856,0.29640287769784174,0.5624790191650391,-0.280709,16
LastFMAsia,remove_only_intra_c0p,intra,c0p,,0.8,1.0,0.1,0.5,0.5,0.8,18,18,gmm,/home/retro/ARON/log/1117/LastFMAsia_remove_only_intra_c0p_a0.80_g1.00_c0p0.10_seed18_r0.5_fmr0.5_d0.8_gmm_idx18_loss_origin.log,0.1787769784172662,0.33776978417266185,0.5587475895881653,-0.284441,17
LastFMAsia,remove_only_intra_c0p,intra,c0p,,0.8,1.0,0.1,0.5,0.5,0.8,19,19,gmm,/home/retro/ARON/log/1117/LastFMAsia_remove_only_intra_c0p_a0.80_g1.00_c0p0.10_seed19_r0.5_fmr0.5_d0.8_gmm_idx19_loss_origin.log,0.16762589928057553,0.339568345323741,0.5659781098365784,-0.27721,16
LastFMAsia,remove_only_intra_c0p,intra,c0p,,0.8,1.0,0.1,0.5,0.5,0.8,1,1,gmm,/home/retro/ARON/log/1117/LastFMAsia_remove_only_intra_c0p_a0.80_g1.00_c0p0.10_seed1_r0.5_fmr0.5_d0.8_gmm_idx1_loss_origin.log,0.1737410071942446,0.3320143884892086,0.5661431550979614,-0.277045,15
LastFMAsia,remove_only_intra_c0p,intra,c0p,,0.8,1.0,0.1,0.5,0.5,0.8,20,20,gmm,/home/retro/ARON/log/1117/LastFMAsia_remove_only_intra_c0p_a0.80_g1.00_c0p0.10_seed20_r0.5_fmr0.5_d0.8_gmm_idx20_loss_origin.log,0.17517985611510792,0.28345323741007195,0.5586081743240356,-0.28458,15
LastFMAsia,remove_only_intra_c0p,intra,c0p,,0.8,1.0,0.1,0.5,0.5,0.8,21,21,gmm,/home/retro/ARON/log/1117/LastFMAsia_remove_only_intra_c0p_a0.80_g1.00_c0p0.10_seed21_r0.5_fmr0.5_d0.8_gmm_idx21_loss_origin.log,0.17410071942446043,0.3255395683453237,0.5614684224128723,-0.28172,17
LastFMAsia,remove_only_intra_c0p,intra,c0p,,0.8,1.0,0.1,0.5,0.5,0.8,22,22,gmm,/home/retro/ARON/log/1117/LastFMAsia_remove_only_intra_c0p_a0.80_g1.00_c0p0.10_seed22_r0.5_fmr0.5_d0.8_gmm_idx22_loss_origin.log,0.16798561151079136,0.26402877697841726,0.5541591644287109,-0.289029,19
LastFMAsia,remove_only_intra_c0p,intra,c0p,,0.8,1.0,0.1,0.5,0.5,0.8,23,23,gmm,/home/retro/ARON/log/1117/LastFMAsia_remove_only_intra_c0p_a0.80_g1.00_c0p0.10_seed23_r0.5_fmr0.5_d0.8_gmm_idx23_loss_origin.log,0.17553956834532375,0.3420863309352518,0.5657755136489868,-0.277413,15
LastFMAsia,remove_only_intra_c0p,intra,c0p,,0.8,1.0,0.1,0.5,0.5,0.8,24,24,gmm,/home/retro/ARON/log/1117/LastFMAsia_remove_only_intra_c0p_a0.80_g1.00_c0p0.10_seed24_r0.5_fmr0.5_d0.8_gmm_idx24_loss_origin.log,0.16654676258992807,0.2802158273381295,0.5640430450439453,-0.279145,16
LastFMAsia,remove_only_intra_c0p,intra,c0p,,0.8,1.0,0.1,0.5,0.5,0.8,25,25,gmm,/home/retro/ARON/log/1117/LastFMAsia_remove_only_intra_c0p_a0.80_g1.00_c0p0.10_seed25_r0.5_fmr0.5_d0.8_gmm_idx25_loss_origin.log,0.1881294964028777,0.32841726618705036,0.5691731572151184,-0.274015,16
LastFMAsia,remove_only_intra_c0p,intra,c0p,,0.8,1.0,0.1,0.5,0.5,0.8,26,26,gmm,/home/retro/ARON/log/1117/LastFMAsia_remove_only_intra_c0p_a0.80_g1.00_c0p0.10_seed26_r0.5_fmr0.5_d0.8_gmm_idx26_loss_origin.log,0.16798561151079136,0.33741007194244604,0.5645483136177063,-0.27864,16
LastFMAsia,remove_only_intra_c0p,intra,c0p,,0.8,1.0,0.1,0.5,0.5,0.8,27,27,gmm,/home/retro/ARON/log/1117/LastFMAsia_remove_only_intra_c0p_a0.80_g1.00_c0p0.10_seed27_r0.5_fmr0.5_d0.8_gmm_idx27_loss_origin.log,0.17086330935251798,0.32158273381294966,0.5602208971977234,-0.282967,17
LastFMAsia,remove_only_intra_c0p,intra,c0p,,0.8,1.0,0.1,0.5,0.5,0.8,28,28,gmm,/home/retro/ARON/log/1117/LastFMAsia_remove_only_intra_c0p_a0.80_g1.00_c0p0.10_seed28_r0.5_fmr0.5_d0.8_gmm_idx28_loss_origin.log,0.17302158273381296,0.34172661870503596,0.5609075427055359,-0.282281,16
LastFMAsia,remove_only_intra_c0p,intra,c0p,,0.8,1.0,0.1,0.5,0.5,0.8,29,29,gmm,/home/retro/ARON/log/1117/LastFMAsia_remove_only_intra_c0p_a0.80_g1.00_c0p0.10_seed29_r0.5_fmr0.5_d0.8_gmm_idx29_loss_origin.log,0.17589928057553958,0.27913669064748203,0.5562938451766968,-0.286894,17
LastFMAsia,remove_only_intra_c0p,intra,c0p,,0.8,1.0,0.1,0.5,0.5,0.8,2,2,gmm,/home/retro/ARON/log/1117/LastFMAsia_remove_only_intra_c0p_a0.80_g1.00_c0p0.10_seed2_r0.5_fmr0.5_d0.8_gmm_idx2_loss_origin.log,0.16546762589928057,0.26834532374100717,0.5623654723167419,-0.280823,17
LastFMAsia,remove_only_intra_c0p,intra,c0p,,0.8,1.0,0.1,0.5,0.5,0.8,3,3,gmm,/home/retro/ARON/log/1117/LastFMAsia_remove_only_intra_c0p_a0.80_g1.00_c0p0.10_seed3_r0.5_fmr0.5_d0.8_gmm_idx3_loss_origin.log,0.18920863309352517,0.2715827338129496,0.5709211826324463,-0.272267,15
LastFMAsia,remove_only_intra_c0p,intra,c0p,,0.8,1.0,0.1,0.5,0.5,0.8,4,4,gmm,/home/retro/ARON/log/1117/LastFMAsia_remove_only_intra_c0p_a0.80_g1.00_c0p0.10_seed4_r0.5_fmr0.5_d0.8_gmm_idx4_loss_origin.log,0.16115107913669063,0.32841726618705036,0.5661028623580933,-0.277085,16
LastFMAsia,remove_only_intra_c0p,intra,c0p,,0.8,1.0,0.1,0.5,0.5,0.8,5,5,gmm,/home/retro/ARON/log/1117/LastFMAsia_remove_only_intra_c0p_a0.80_g1.00_c0p0.10_seed5_r0.5_fmr0.5_d0.8_gmm_idx5_loss_origin.log,0.16906474820143885,0.3143884892086331,0.5633333325386047,-0.279855,16
LastFMAsia,remove_only_intra_c0p,intra,c0p,,0.8,1.0,0.1,0.5,0.5,0.8,6,6,gmm,/home/retro/ARON/log/1117/LastFMAsia_remove_only_intra_c0p_a0.80_g1.00_c0p0.10_seed6_r0.5_fmr0.5_d0.8_gmm_idx6_loss_origin.log,0.17517985611510792,0.3316546762589928,0.5644441246986389,-0.278744,16
LastFMAsia,remove_only_intra_c0p,intra,c0p,,0.8,1.0,0.1,0.5,0.5,0.8,7,7,gmm,/home/retro/ARON/log/1117/LastFMAsia_remove_only_intra_c0p_a0.80_g1.00_c0p0.10_seed7_r0.5_fmr0.5_d0.8_gmm_idx7_loss_origin.log,0.16870503597122302,0.3169064748201439,0.5585721731185913,-0.284616,17
LastFMAsia,remove_only_intra_c0p,intra,c0p,,0.8,1.0,0.1,0.5,0.5,0.8,8,8,gmm,/home/retro/ARON/log/1117/LastFMAsia_remove_only_intra_c0p_a0.80_g1.00_c0p0.10_seed8_r0.5_fmr0.5_d0.8_gmm_idx8_loss_origin.log,0.16654676258992807,0.28597122302158273,0.5634049773216248,-0.279783,16
LastFMAsia,remove_only_intra_c0p,intra,c0p,,0.8,1.0,0.1,0.5,0.5,0.8,9,9,gmm,/home/retro/ARON/log/1117/LastFMAsia_remove_only_intra_c0p_a0.80_g1.00_c0p0.10_seed9_r0.5_fmr0.5_d0.8_gmm_idx9_loss_origin.log,0.18705035971223022,0.2719424460431655,0.562709629535675,-0.280478,16
LastFMAsia,remove_only_intra_noncore,intra,noncore,,0.8,1.0,0.1,0.5,0.5,0.8,0,0,gmm,/home/retro/ARON/log/1117/LastFMAsia_remove_only_intra_noncore_a0.80_g1.00_c0p0.10_seed0_r0.5_fmr0.5_d0.8_gmm_idx0_loss_origin.log,0.16798561151079136,0.27913669064748203,0.5669052004814148,-0.276283,17
LastFMAsia,remove_only_intra_noncore,intra,noncore,,0.8,1.0,0.1,0.5,0.5,0.8,10,10,gmm,/home/retro/ARON/log/1117/LastFMAsia_remove_only_intra_noncore_a0.80_g1.00_c0p0.10_seed10_r0.5_fmr0.5_d0.8_gmm_idx10_loss_origin.log,0.15863309352517985,0.30755395683453235,0.5586956143379211,-0.284492,16
LastFMAsia,remove_only_intra_noncore,intra,noncore,,0.8,1.0,0.1,0.5,0.5,0.8,11,11,gmm,/home/retro/ARON/log/1117/LastFMAsia_remove_only_intra_noncore_a0.80_g1.00_c0p0.10_seed11_r0.5_fmr0.5_d0.8_gmm_idx11_loss_origin.log,0.16258992805755396,0.2593525179856115,0.5586870312690735,-0.284501,16
LastFMAsia,remove_only_intra_noncore,intra,noncore,,0.8,1.0,0.1,0.5,0.5,0.8,12,12,gmm,/home/retro/ARON/log/1117/LastFMAsia_remove_only_intra_noncore_a0.80_g1.00_c0p0.10_seed12_r0.5_fmr0.5_d0.8_gmm_idx12_loss_origin.log,0.1884892086330935,0.35071942446043164,0.5564069747924805,-0.286781,17
LastFMAsia,remove_only_intra_noncore,intra,noncore,,0.8,1.0,0.1,0.5,0.5,0.8,13,13,gmm,/home/retro/ARON/log/1117/LastFMAsia_remove_only_intra_noncore_a0.80_g1.00_c0p0.10_seed13_r0.5_fmr0.5_d0.8_gmm_idx13_loss_origin.log,0.1881294964028777,0.33237410071942447,0.5613561272621155,-0.281832,17
LastFMAsia,remove_only_intra_noncore,intra,noncore,,0.8,1.0,0.1,0.5,0.5,0.8,14,14,gmm,/home/retro/ARON/log/1117/LastFMAsia_remove_only_intra_noncore_a0.80_g1.00_c0p0.10_seed14_r0.5_fmr0.5_d0.8_gmm_idx14_loss_origin.log,0.1658273381294964,0.3410071942446043,0.5586962103843689,-0.284492,16
LastFMAsia,remove_only_intra_noncore,intra,noncore,,0.8,1.0,0.1,0.5,0.5,0.8,15,15,gmm,/home/retro/ARON/log/1117/LastFMAsia_remove_only_intra_noncore_a0.80_g1.00_c0p0.10_seed15_r0.5_fmr0.5_d0.8_gmm_idx15_loss_origin.log,0.1884892086330935,0.3446043165467626,0.5630091428756714,-0.280179,16
LastFMAsia,remove_only_intra_noncore,intra,noncore,,0.8,1.0,0.1,0.5,0.5,0.8,16,16,gmm,/home/retro/ARON/log/1117/LastFMAsia_remove_only_intra_noncore_a0.80_g1.00_c0p0.10_seed16_r0.5_fmr0.5_d0.8_gmm_idx16_loss_origin.log,0.18992805755395684,0.3133093525179856,0.556699275970459,-0.286489,16
LastFMAsia,remove_only_intra_noncore,intra,noncore,,0.8,1.0,0.1,0.5,0.5,0.8,17,17,gmm,/home/retro/ARON/log/1117/LastFMAsia_remove_only_intra_noncore_a0.80_g1.00_c0p0.10_seed17_r0.5_fmr0.5_d0.8_gmm_idx17_loss_origin.log,0.16438848920863308,0.339568345323741,0.5624342560768127,-0.280754,17
LastFMAsia,remove_only_intra_noncore,intra,noncore,,0.8,1.0,0.1,0.5,0.5,0.8,18,18,gmm,/home/retro/ARON/log/1117/LastFMAsia_remove_only_intra_noncore_a0.80_g1.00_c0p0.10_seed18_r0.5_fmr0.5_d0.8_gmm_idx18_loss_origin.log,0.17338129496402876,0.2733812949640288,0.5584043264389038,-0.284784,15
LastFMAsia,remove_only_intra_noncore,intra,noncore,,0.8,1.0,0.1,0.5,0.5,0.8,19,19,gmm,/home/retro/ARON/log/1117/LastFMAsia_remove_only_intra_noncore_a0.80_g1.00_c0p0.10_seed19_r0.5_fmr0.5_d0.8_gmm_idx19_loss_origin.log,0.16798561151079136,0.3359712230215827,0.5595806837081909,-0.283607,17
LastFMAsia,remove_only_intra_noncore,intra,noncore,,0.8,1.0,0.1,0.5,0.5,0.8,1,1,gmm,/home/retro/ARON/log/1117/LastFMAsia_remove_only_intra_noncore_a0.80_g1.00_c0p0.10_seed1_r0.5_fmr0.5_d0.8_gmm_idx1_loss_origin.log,0.1672661870503597,0.32805755395683456,0.5609550476074219,-0.282233,16
LastFMAsia,remove_only_intra_noncore,intra,noncore,,0.8,1.0,0.1,0.5,0.5,0.8,20,20,gmm,/home/retro/ARON/log/1117/LastFMAsia_remove_only_intra_noncore_a0.80_g1.00_c0p0.10_seed20_r0.5_fmr0.5_d0.8_gmm_idx20_loss_origin.log,0.16762589928057553,0.32877697841726616,0.559299647808075,-0.283888,17
LastFMAsia,remove_only_intra_noncore,intra,noncore,,0.8,1.0,0.1,0.5,0.5,0.8,21,21,gmm,/home/retro/ARON/log/1117/LastFMAsia_remove_only_intra_noncore_a0.80_g1.00_c0p0.10_seed21_r0.5_fmr0.5_d0.8_gmm_idx21_loss_origin.log,0.18776978417266188,0.3431654676258993,0.5548626780509949,-0.288325,16
LastFMAsia,remove_only_intra_noncore,intra,noncore,,0.8,1.0,0.1,0.5,0.5,0.8,22,22,gmm,/home/retro/ARON/log/1117/LastFMAsia_remove_only_intra_noncore_a0.80_g1.00_c0p0.10_seed22_r0.5_fmr0.5_d0.8_gmm_idx22_loss_origin.log,0.16510791366906474,0.3327338129496403,0.5590267181396484,-0.284161,17
LastFMAsia,remove_only_intra_noncore,intra,noncore,,0.8,1.0,0.1,0.5,0.5,0.8,23,23,gmm,/home/retro/ARON/log/1117/LastFMAsia_remove_only_intra_noncore_a0.80_g1.00_c0p0.10_seed23_r0.5_fmr0.5_d0.8_gmm_idx23_loss_origin.log,0.16151079136690646,0.2888489208633094,0.5556469559669495,-0.287541,16
LastFMAsia,remove_only_intra_noncore,intra,noncore,,0.8,1.0,0.1,0.5,0.5,0.8,24,24,gmm,/home/retro/ARON/log/1117/LastFMAsia_remove_only_intra_noncore_a0.80_g1.00_c0p0.10_seed24_r0.5_fmr0.5_d0.8_gmm_idx24_loss_origin.log,0.20287769784172663,0.2762589928057554,0.5604674816131592,-0.282721,17
LastFMAsia,remove_only_intra_noncore,intra,noncore,,0.8,1.0,0.1,0.5,0.5,0.8,25,25,gmm,/home/retro/ARON/log/1117/LastFMAsia_remove_only_intra_noncore_a0.80_g1.00_c0p0.10_seed25_r0.5_fmr0.5_d0.8_gmm_idx25_loss_origin.log,0.16438848920863308,0.3356115107913669,0.5676624178886414,-0.275526,16
LastFMAsia,remove_only_intra_noncore,intra,noncore,,0.8,1.0,0.1,0.5,0.5,0.8,26,26,gmm,/home/retro/ARON/log/1117/LastFMAsia_remove_only_intra_noncore_a0.80_g1.00_c0p0.10_seed26_r0.5_fmr0.5_d0.8_gmm_idx26_loss_origin.log,0.1712230215827338,0.3129496402877698,0.5624939799308777,-0.280694,17
LastFMAsia,remove_only_intra_noncore,intra,noncore,,0.8,1.0,0.1,0.5,0.5,0.8,27,27,gmm,/home/retro/ARON/log/1117/LastFMAsia_remove_only_intra_noncore_a0.80_g1.00_c0p0.10_seed27_r0.5_fmr0.5_d0.8_gmm_idx27_loss_origin.log,0.15359712230215827,0.30287769784172663,0.5642006993293762,-0.278987,16
LastFMAsia,remove_only_intra_noncore,intra,noncore,,0.8,1.0,0.1,0.5,0.5,0.8,28,28,gmm,/home/retro/ARON/log/1117/LastFMAsia_remove_only_intra_noncore_a0.80_g1.00_c0p0.10_seed28_r0.5_fmr0.5_d0.8_gmm_idx28_loss_origin.log,0.18093525179856115,0.3294964028776978,0.5639966726303101,-0.279191,16
LastFMAsia,remove_only_intra_noncore,intra,noncore,,0.8,1.0,0.1,0.5,0.5,0.8,29,29,gmm,/home/retro/ARON/log/1117/LastFMAsia_remove_only_intra_noncore_a0.80_g1.00_c0p0.10_seed29_r0.5_fmr0.5_d0.8_gmm_idx29_loss_origin.log,0.1802158273381295,0.3464028776978417,0.562086820602417,-0.281101,15
LastFMAsia,remove_only_intra_noncore,intra,noncore,,0.8,1.0,0.1,0.5,0.5,0.8,2,2,gmm,/home/retro/ARON/log/1117/LastFMAsia_remove_only_intra_noncore_a0.80_g1.00_c0p0.10_seed2_r0.5_fmr0.5_d0.8_gmm_idx2_loss_origin.log,0.16762589928057553,0.31366906474820144,0.557891309261322,-0.285297,16
LastFMAsia,remove_only_intra_noncore,intra,noncore,,0.8,1.0,0.1,0.5,0.5,0.8,3,3,gmm,/home/retro/ARON/log/1117/LastFMAsia_remove_only_intra_noncore_a0.80_g1.00_c0p0.10_seed3_r0.5_fmr0.5_d0.8_gmm_idx3_loss_origin.log,0.1866906474820144,0.2971223021582734,0.5604517459869385,-0.282736,17
LastFMAsia,remove_only_intra_noncore,intra,noncore,,0.8,1.0,0.1,0.5,0.5,0.8,4,4,gmm,/home/retro/ARON/log/1117/LastFMAsia_remove_only_intra_noncore_a0.80_g1.00_c0p0.10_seed4_r0.5_fmr0.5_d0.8_gmm_idx4_loss_origin.log,0.17625899280575538,0.28741007194244605,0.5665940046310425,-0.276594,17
LastFMAsia,remove_only_intra_noncore,intra,noncore,,0.8,1.0,0.1,0.5,0.5,0.8,5,5,gmm,/home/retro/ARON/log/1117/LastFMAsia_remove_only_intra_noncore_a0.80_g1.00_c0p0.10_seed5_r0.5_fmr0.5_d0.8_gmm_idx5_loss_origin.log,0.16402877697841728,0.2949640287769784,0.5597697496414185,-0.283418,16
LastFMAsia,remove_only_intra_noncore,intra,noncore,,0.8,1.0,0.1,0.5,0.5,0.8,6,6,gmm,/home/retro/ARON/log/1117/LastFMAsia_remove_only_intra_noncore_a0.80_g1.00_c0p0.10_seed6_r0.5_fmr0.5_d0.8_gmm_idx6_loss_origin.log,0.1830935251798561,0.27266187050359714,0.5566871762275696,-0.286501,17
LastFMAsia,remove_only_intra_noncore,intra,noncore,,0.8,1.0,0.1,0.5,0.5,0.8,7,7,gmm,/home/retro/ARON/log/1117/LastFMAsia_remove_only_intra_noncore_a0.80_g1.00_c0p0.10_seed7_r0.5_fmr0.5_d0.8_gmm_idx7_loss_origin.log,0.17338129496402876,0.33992805755395683,0.5585909485816956,-0.284597,16
LastFMAsia,remove_only_intra_noncore,intra,noncore,,0.8,1.0,0.1,0.5,0.5,0.8,8,8,gmm,/home/retro/ARON/log/1117/LastFMAsia_remove_only_intra_noncore_a0.80_g1.00_c0p0.10_seed8_r0.5_fmr0.5_d0.8_gmm_idx8_loss_origin.log,0.16151079136690646,0.3384892086330935,0.5615079998970032,-0.28168,16
LastFMAsia,remove_only_intra_noncore,intra,noncore,,0.8,1.0,0.1,0.5,0.5,0.8,9,9,gmm,/home/retro/ARON/log/1117/LastFMAsia_remove_only_intra_noncore_a0.80_g1.00_c0p0.10_seed9_r0.5_fmr0.5_d0.8_gmm_idx9_loss_origin.log,0.16942446043165468,0.3356115107913669,0.5573939085006714,-0.285794,16
citeseer,remove_only_intra_c0p,intra,c0p,,0.8,1.0,0.1,0.5,0.5,0.9,0,0,gmm,/home/retro/ARON/log/1117/citeseer_remove_only_intra_c0p_a0.80_g1.00_c0p0.10_seed0_r0.5_fmr0.5_d0.9_gmm_idx0_loss_origin.log,0.5164835164835165,0.6241758241758242,0.5456507802009583,-0.115728,41
citeseer,remove_only_intra_c0p,intra,c0p,,0.8,1.0,0.1,0.5,0.5,0.9,10,10,gmm,/home/retro/ARON/log/1117/citeseer_remove_only_intra_c0p_a0.80_g1.00_c0p0.10_seed10_r0.5_fmr0.5_d0.9_gmm_idx10_loss_origin.log,0.5164835164835165,0.6329670329670329,0.5526084303855896,-0.10877,41
citeseer,remove_only_intra_c0p,intra,c0p,,0.8,1.0,0.1,0.5,0.5,0.9,11,11,gmm,/home/retro/ARON/log/1117/citeseer_remove_only_intra_c0p_a0.80_g1.00_c0p0.10_seed11_r0.5_fmr0.5_d0.9_gmm_idx11_loss_origin.log,0.5208791208791209,0.6285714285714286,0.5513426065444946,-0.110036,40
citeseer,remove_only_intra_c0p,intra,c0p,,0.8,1.0,0.1,0.5,0.5,0.9,12,12,gmm,/home/retro/ARON/log/1117/citeseer_remove_only_intra_c0p_a0.80_g1.00_c0p0.10_seed12_r0.5_fmr0.5_d0.9_gmm_idx12_loss_origin.log,0.3824175824175824,0.6571428571428571,0.550336480140686,-0.111042,41
citeseer,remove_only_intra_c0p,intra,c0p,,0.8,1.0,0.1,0.5,0.5,0.9,13,13,gmm,/home/retro/ARON/log/1117/citeseer_remove_only_intra_c0p_a0.80_g1.00_c0p0.10_seed13_r0.5_fmr0.5_d0.9_gmm_idx13_loss_origin.log,0.4967032967032967,0.6285714285714286,0.5540884733200073,-0.10729,41
citeseer,remove_only_intra_c0p,intra,c0p,,0.8,1.0,0.1,0.5,0.5,0.9,14,14,gmm,/home/retro/ARON/log/1117/citeseer_remove_only_intra_c0p_a0.80_g1.00_c0p0.10_seed14_r0.5_fmr0.5_d0.9_gmm_idx14_loss_origin.log,0.4879120879120879,0.6351648351648351,0.5420124530792236,-0.119366,39
citeseer,remove_only_intra_c0p,intra,c0p,,0.8,1.0,0.1,0.5,0.5,0.9,15,15,gmm,/home/retro/ARON/log/1117/citeseer_remove_only_intra_c0p_a0.80_g1.00_c0p0.10_seed15_r0.5_fmr0.5_d0.9_gmm_idx15_loss_origin.log,0.5098901098901099,0.6307692307692307,0.547899067401886,-0.11348,41
citeseer,remove_only_intra_c0p,intra,c0p,,0.8,1.0,0.1,0.5,0.5,0.9,16,16,gmm,/home/retro/ARON/log/1117/citeseer_remove_only_intra_c0p_a0.80_g1.00_c0p0.10_seed16_r0.5_fmr0.5_d0.9_gmm_idx16_loss_origin.log,0.512087912087912,0.6241758241758242,0.5491267442703247,-0.112252,39
citeseer,remove_only_intra_c0p,intra,c0p,,0.8,1.0,0.1,0.5,0.5,0.9,17,17,gmm,/home/retro/ARON/log/1117/citeseer_remove_only_intra_c0p_a0.80_g1.00_c0p0.10_seed17_r0.5_fmr0.5_d0.9_gmm_idx17_loss_origin.log,0.5252747252747253,0.6131868131868132,0.5570433735847473,-0.104335,40
citeseer,remove_only_intra_c0p,intra,c0p,,0.8,1.0,0.1,0.5,0.5,0.9,18,18,gmm,/home/retro/ARON/log/1117/citeseer_remove_only_intra_c0p_a0.80_g1.00_c0p0.10_seed18_r0.5_fmr0.5_d0.9_gmm_idx18_loss_origin.log,0.512087912087912,0.621978021978022,0.5527881383895874,-0.108591,40
citeseer,remove_only_intra_c0p,intra,c0p,,0.8,1.0,0.1,0.5,0.5,0.9,19,19,gmm,/home/retro/ARON/log/1117/citeseer_remove_only_intra_c0p_a0.80_g1.00_c0p0.10_seed19_r0.5_fmr0.5_d0.9_gmm_idx19_loss_origin.log,0.5208791208791209,0.6373626373626373,0.5130602717399597,-0.148318,40
citeseer,remove_only_intra_c0p,intra,c0p,,0.8,1.0,0.1,0.5,0.5,0.9,1,1,gmm,/home/retro/ARON/log/1117/citeseer_remove_only_intra_c0p_a0.80_g1.00_c0p0.10_seed1_r0.5_fmr0.5_d0.9_gmm_idx1_loss_origin.log,0.5340659340659341,0.6285714285714286,0.5504246950149536,-0.110954,40
citeseer,remove_only_intra_c0p,intra,c0p,,0.8,1.0,0.1,0.5,0.5,0.9,20,20,gmm,/home/retro/ARON/log/1117/citeseer_remove_only_intra_c0p_a0.80_g1.00_c0p0.10_seed20_r0.5_fmr0.5_d0.9_gmm_idx20_loss_origin.log,0.5076923076923077,0.6879120879120879,0.5532357096672058,-0.108143,42
citeseer,remove_only_intra_c0p,intra,c0p,,0.8,1.0,0.1,0.5,0.5,0.9,21,21,gmm,/home/retro/ARON/log/1117/citeseer_remove_only_intra_c0p_a0.80_g1.00_c0p0.10_seed21_r0.5_fmr0.5_d0.9_gmm_idx21_loss_origin.log,0.5032967032967033,0.6351648351648351,0.550162672996521,-0.111216,40
citeseer,remove_only_intra_c0p,intra,c0p,,0.8,1.0,0.1,0.5,0.5,0.9,22,22,gmm,/home/retro/ARON/log/1117/citeseer_remove_only_intra_c0p_a0.80_g1.00_c0p0.10_seed22_r0.5_fmr0.5_d0.9_gmm_idx22_loss_origin.log,0.4747252747252747,0.6461538461538462,0.5519123077392578,-0.109466,41
citeseer,remove_only_intra_c0p,intra,c0p,,0.8,1.0,0.1,0.5,0.5,0.9,23,23,gmm,/home/retro/ARON/log/1117/citeseer_remove_only_intra_c0p_a0.80_g1.00_c0p0.10_seed23_r0.5_fmr0.5_d0.9_gmm_idx23_loss_origin.log,0.5318681318681319,0.6153846153846154,0.5488445162773132,-0.112534,40
citeseer,remove_only_intra_c0p,intra,c0p,,0.8,1.0,0.1,0.5,0.5,0.9,24,24,gmm,/home/retro/ARON/log/1117/citeseer_remove_only_intra_c0p_a0.80_g1.00_c0p0.10_seed24_r0.5_fmr0.5_d0.9_gmm_idx24_loss_origin.log,0.4857142857142857,0.6175824175824176,0.5477026700973511,-0.113676,40
citeseer,remove_only_intra_c0p,intra,c0p,,0.8,1.0,0.1,0.5,0.5,0.9,25,25,gmm,/home/retro/ARON/log/1117/citeseer_remove_only_intra_c0p_a0.80_g1.00_c0p0.10_seed25_r0.5_fmr0.5_d0.9_gmm_idx25_loss_origin.log,0.4967032967032967,0.6329670329670329,0.5222309827804565,-0.139148,39
citeseer,remove_only_intra_c0p,intra,c0p,,0.8,1.0,0.1,0.5,0.5,0.9,26,26,gmm,/home/retro/ARON/log/1117/citeseer_remove_only_intra_c0p_a0.80_g1.00_c0p0.10_seed26_r0.5_fmr0.5_d0.9_gmm_idx26_loss_origin.log,0.5252747252747253,0.610989010989011,0.5516148805618286,-0.109764,42
citeseer,remove_only_intra_c0p,intra,c0p,,0.8,1.0,0.1,0.5,0.5,0.9,27,27,gmm,/home/retro/ARON/log/1117/citeseer_remove_only_intra_c0p_a0.80_g1.00_c0p0.10_seed27_r0.5_fmr0.5_d0.9_gmm_idx27_loss_origin.log,0.5252747252747253,0.6461538461538462,0.5309358835220337,-0.130443,40
citeseer,remove_only_intra_c0p,intra,c0p,,0.8,1.0,0.1,0.5,0.5,0.9,28,28,gmm,/home/retro/ARON/log/1117/citeseer_remove_only_intra_c0p_a0.80_g1.00_c0p0.10_seed28_r0.5_fmr0.5_d0.9_gmm_idx28_loss_origin.log,0.5054945054945055,0.6263736263736264,0.5410863757133484,-0.120292,38
citeseer,remove_only_intra_c0p,intra,c0p,,0.8,1.0,0.1,0.5,0.5,0.9,29,29,gmm,/home/retro/ARON/log/1117/citeseer_remove_only_intra_c0p_a0.80_g1.00_c0p0.10_seed29_r0.5_fmr0.5_d0.9_gmm_idx29_loss_origin.log,0.4879120879120879,0.6967032967032967,0.55240797996521,-0.108971,40
citeseer,remove_only_intra_c0p,intra,c0p,,0.8,1.0,0.1,0.5,0.5,0.9,2,2,gmm,/home/retro/ARON/log/1117/citeseer_remove_only_intra_c0p_a0.80_g1.00_c0p0.10_seed2_r0.5_fmr0.5_d0.9_gmm_idx2_loss_origin.log,0.5340659340659341,0.6329670329670329,0.5491383075714111,-0.11224,41
citeseer,remove_only_intra_c0p,intra,c0p,,0.8,1.0,0.1,0.5,0.5,0.9,3,3,gmm,/home/retro/ARON/log/1117/citeseer_remove_only_intra_c0p_a0.80_g1.00_c0p0.10_seed3_r0.5_fmr0.5_d0.9_gmm_idx3_loss_origin.log,0.5384615384615384,0.6329670329670329,0.5527763962745667,-0.108602,41
citeseer,remove_only_intra_c0p,intra,c0p,,0.8,1.0,0.1,0.5,0.5,0.9,4,4,gmm,/home/retro/ARON/log/1117/citeseer_remove_only_intra_c0p_a0.80_g1.00_c0p0.10_seed4_r0.5_fmr0.5_d0.9_gmm_idx4_loss_origin.log,0.4967032967032967,0.7186813186813187,0.5531440377235413,-0.108235,42
citeseer,remove_only_intra_c0p,intra,c0p,,0.8,1.0,0.1,0.5,0.5,0.9,5,5,gmm,/home/retro/ARON/log/1117/citeseer_remove_only_intra_c0p_a0.80_g1.00_c0p0.10_seed5_r0.5_fmr0.5_d0.9_gmm_idx5_loss_origin.log,0.5582417582417583,0.6615384615384615,0.5537646412849426,-0.107614,40
citeseer,remove_only_intra_c0p,intra,c0p,,0.8,1.0,0.1,0.5,0.5,0.9,6,6,gmm,/home/retro/ARON/log/1117/citeseer_remove_only_intra_c0p_a0.80_g1.00_c0p0.10_seed6_r0.5_fmr0.5_d0.9_gmm_idx6_loss_origin.log,0.5164835164835165,0.6197802197802198,0.5513424873352051,-0.110036,40
citeseer,remove_only_intra_c0p,intra,c0p,,0.8,1.0,0.1,0.5,0.5,0.9,7,7,gmm,/home/retro/ARON/log/1117/citeseer_remove_only_intra_c0p_a0.80_g1.00_c0p0.10_seed7_r0.5_fmr0.5_d0.9_gmm_idx7_loss_origin.log,0.5054945054945055,0.6087912087912087,0.5440729856491089,-0.117306,39
citeseer,remove_only_intra_c0p,intra,c0p,,0.8,1.0,0.1,0.5,0.5,0.9,8,8,gmm,/home/retro/ARON/log/1117/citeseer_remove_only_intra_c0p_a0.80_g1.00_c0p0.10_seed8_r0.5_fmr0.5_d0.9_gmm_idx8_loss_origin.log,0.5384615384615384,0.621978021978022,0.5508430004119873,-0.110536,41
citeseer,remove_only_intra_c0p,intra,c0p,,0.8,1.0,0.1,0.5,0.5,0.9,9,9,gmm,/home/retro/ARON/log/1117/citeseer_remove_only_intra_c0p_a0.80_g1.00_c0p0.10_seed9_r0.5_fmr0.5_d0.9_gmm_idx9_loss_origin.log,0.4747252747252747,0.6703296703296703,0.5513893961906433,-0.109989,41
citeseer,remove_only_intra_noncore,intra,noncore,,0.8,1.0,0.1,0.5,0.5,0.9,0,0,gmm,/home/retro/ARON/log/1117/citeseer_remove_only_intra_noncore_a0.80_g1.00_c0p0.10_seed0_r0.5_fmr0.5_d0.9_gmm_idx0_loss_origin.log,0.512087912087912,0.6857142857142857,0.5391389727592468,-0.12224,40
citeseer,remove_only_intra_noncore,intra,noncore,,0.8,1.0,0.1,0.5,0.5,0.9,10,10,gmm,/home/retro/ARON/log/1117/citeseer_remove_only_intra_noncore_a0.80_g1.00_c0p0.10_seed10_r0.5_fmr0.5_d0.9_gmm_idx10_loss_origin.log,0.4989010989010989,0.6373626373626373,0.5566673874855042,-0.104711,41
citeseer,remove_only_intra_noncore,intra,noncore,,0.8,1.0,0.1,0.5,0.5,0.9,11,11,gmm,/home/retro/ARON/log/1117/citeseer_remove_only_intra_noncore_a0.80_g1.00_c0p0.10_seed11_r0.5_fmr0.5_d0.9_gmm_idx11_loss_origin.log,0.5472527472527473,0.7076923076923077,0.548613429069519,-0.112765,41
citeseer,remove_only_intra_noncore,intra,noncore,,0.8,1.0,0.1,0.5,0.5,0.9,12,12,gmm,/home/retro/ARON/log/1117/citeseer_remove_only_intra_noncore_a0.80_g1.00_c0p0.10_seed12_r0.5_fmr0.5_d0.9_gmm_idx12_loss_origin.log,0.5560439560439561,0.6285714285714286,0.5520033836364746,-0.109375,40
citeseer,remove_only_intra_noncore,intra,noncore,,0.8,1.0,0.1,0.5,0.5,0.9,13,13,gmm,/home/retro/ARON/log/1117/citeseer_remove_only_intra_noncore_a0.80_g1.00_c0p0.10_seed13_r0.5_fmr0.5_d0.9_gmm_idx13_loss_origin.log,0.4945054945054945,0.6153846153846154,0.5479200482368469,-0.113459,42
citeseer,remove_only_intra_noncore,intra,noncore,,0.8,1.0,0.1,0.5,0.5,0.9,14,14,gmm,/home/retro/ARON/log/1117/citeseer_remove_only_intra_noncore_a0.80_g1.00_c0p0.10_seed14_r0.5_fmr0.5_d0.9_gmm_idx14_loss_origin.log,0.5230769230769231,0.621978021978022,0.5441757440567017,-0.117203,39
citeseer,remove_only_intra_noncore,intra,noncore,,0.8,1.0,0.1,0.5,0.5,0.9,15,15,gmm,/home/retro/ARON/log/1117/citeseer_remove_only_intra_noncore_a0.80_g1.00_c0p0.10_seed15_r0.5_fmr0.5_d0.9_gmm_idx15_loss_origin.log,0.49230769230769234,0.6307692307692307,0.5486660599708557,-0.112713,41
citeseer,remove_only_intra_noncore,intra,noncore,,0.8,1.0,0.1,0.5,0.5,0.9,16,16,gmm,/home/retro/ARON/log/1117/citeseer_remove_only_intra_noncore_a0.80_g1.00_c0p0.10_seed16_r0.5_fmr0.5_d0.9_gmm_idx16_loss_origin.log,0.5164835164835165,0.6813186813186813,0.5483213663101196,-0.113057,41
citeseer,remove_only_intra_noncore,intra,noncore,,0.8,1.0,0.1,0.5,0.5,0.9,17,17,gmm,/home/retro/ARON/log/1117/citeseer_remove_only_intra_noncore_a0.80_g1.00_c0p0.10_seed17_r0.5_fmr0.5_d0.9_gmm_idx17_loss_origin.log,0.5362637362637362,0.6197802197802198,0.5507734417915344,-0.110605,41
citeseer,remove_only_intra_noncore,intra,noncore,,0.8,1.0,0.1,0.5,0.5,0.9,18,18,gmm,/home/retro/ARON/log/1117/citeseer_remove_only_intra_noncore_a0.80_g1.00_c0p0.10_seed18_r0.5_fmr0.5_d0.9_gmm_idx18_loss_origin.log,0.5318681318681319,0.643956043956044,0.5518338680267334,-0.109545,41
citeseer,remove_only_intra_noncore,intra,noncore,,0.8,1.0,0.1,0.5,0.5,0.9,19,19,gmm,/home/retro/ARON/log/1117/citeseer_remove_only_intra_noncore_a0.80_g1.00_c0p0.10_seed19_r0.5_fmr0.5_d0.9_gmm_idx19_loss_origin.log,0.5406593406593406,0.6351648351648351,0.5502720475196838,-0.111107,41
citeseer,remove_only_intra_noncore,intra,noncore,,0.8,1.0,0.1,0.5,0.5,0.9,1,1,gmm,/home/retro/ARON/log/1117/citeseer_remove_only_intra_noncore_a0.80_g1.00_c0p0.10_seed1_r0.5_fmr0.5_d0.9_gmm_idx1_loss_origin.log,0.5098901098901099,0.6417582417582418,0.5514311790466309,-0.109948,41
citeseer,remove_only_intra_noncore,intra,noncore,,0.8,1.0,0.1,0.5,0.5,0.9,20,20,gmm,/home/retro/ARON/log/1117/citeseer_remove_only_intra_noncore_a0.80_g1.00_c0p0.10_seed20_r0.5_fmr0.5_d0.9_gmm_idx20_loss_origin.log,0.5296703296703297,0.6725274725274726,0.552891731262207,-0.108487,40
citeseer,remove_only_intra_noncore,intra,noncore,,0.8,1.0,0.1,0.5,0.5,0.9,21,21,gmm,/home/retro/ARON/log/1117/citeseer_remove_only_intra_noncore_a0.80_g1.00_c0p0.10_seed21_r0.5_fmr0.5_d0.9_gmm_idx21_loss_origin.log,0.5032967032967033,0.6175824175824176,0.556191623210907,-0.105187,41
citeseer,remove_only_intra_noncore,intra,noncore,,0.8,1.0,0.1,0.5,0.5,0.9,22,22,gmm,/home/retro/ARON/log/1117/citeseer_remove_only_intra_noncore_a0.80_g1.00_c0p0.10_seed22_r0.5_fmr0.5_d0.9_gmm_idx22_loss_origin.log,0.5054945054945055,0.6131868131868132,0.5500257015228271,-0.111353,40
citeseer,remove_only_intra_noncore,intra,noncore,,0.8,1.0,0.1,0.5,0.5,0.9,23,23,gmm,/home/retro/ARON/log/1117/citeseer_remove_only_intra_noncore_a0.80_g1.00_c0p0.10_seed23_r0.5_fmr0.5_d0.9_gmm_idx23_loss_origin.log,0.5076923076923077,0.6285714285714286,0.543156623840332,-0.118222,41
citeseer,remove_only_intra_noncore,intra,noncore,,0.8,1.0,0.1,0.5,0.5,0.9,24,24,gmm,/home/retro/ARON/log/1117/citeseer_remove_only_intra_noncore_a0.80_g1.00_c0p0.10_seed24_r0.5_fmr0.5_d0.9_gmm_idx24_loss_origin.log,0.567032967032967,0.6879120879120879,0.55012047290802,-0.111258,41
citeseer,remove_only_intra_noncore,intra,noncore,,0.8,1.0,0.1,0.5,0.5,0.9,25,25,gmm,/home/retro/ARON/log/1117/citeseer_remove_only_intra_noncore_a0.80_g1.00_c0p0.10_seed25_r0.5_fmr0.5_d0.9_gmm_idx25_loss_origin.log,0.5252747252747253,0.6307692307692307,0.5559854507446289,-0.105393,40
citeseer,remove_only_intra_noncore,intra,noncore,,0.8,1.0,0.1,0.5,0.5,0.9,26,26,gmm,/home/retro/ARON/log/1117/citeseer_remove_only_intra_noncore_a0.80_g1.00_c0p0.10_seed26_r0.5_fmr0.5_d0.9_gmm_idx26_loss_origin.log,0.5098901098901099,0.6659340659340659,0.5538152456283569,-0.107564,40
citeseer,remove_only_intra_noncore,intra,noncore,,0.8,1.0,0.1,0.5,0.5,0.9,27,27,gmm,/home/retro/ARON/log/1117/citeseer_remove_only_intra_noncore_a0.80_g1.00_c0p0.10_seed27_r0.5_fmr0.5_d0.9_gmm_idx27_loss_origin.log,0.5604395604395604,0.6593406593406593,0.5402652621269226,-0.121113,41
citeseer,remove_only_intra_noncore,intra,noncore,,0.8,1.0,0.1,0.5,0.5,0.9,28,28,gmm,/home/retro/ARON/log/1117/citeseer_remove_only_intra_noncore_a0.80_g1.00_c0p0.10_seed28_r0.5_fmr0.5_d0.9_gmm_idx28_loss_origin.log,0.6,0.6857142857142857,0.546844482421875,-0.114534,40
citeseer,remove_only_intra_noncore,intra,noncore,,0.8,1.0,0.1,0.5,0.5,0.9,29,29,gmm,/home/retro/ARON/log/1117/citeseer_remove_only_intra_noncore_a0.80_g1.00_c0p0.10_seed29_r0.5_fmr0.5_d0.9_gmm_idx29_loss_origin.log,0.5054945054945055,0.621978021978022,0.5478095412254333,-0.113569,40
citeseer,remove_only_intra_noncore,intra,noncore,,0.8,1.0,0.1,0.5,0.5,0.9,2,2,gmm,/home/retro/ARON/log/1117/citeseer_remove_only_intra_noncore_a0.80_g1.00_c0p0.10_seed2_r0.5_fmr0.5_d0.9_gmm_idx2_loss_origin.log,0.5208791208791209,0.6329670329670329,0.5545843243598938,-0.106794,40
citeseer,remove_only_intra_noncore,intra,noncore,,0.8,1.0,0.1,0.5,0.5,0.9,3,3,gmm,/home/retro/ARON/log/1117/citeseer_remove_only_intra_noncore_a0.80_g1.00_c0p0.10_seed3_r0.5_fmr0.5_d0.9_gmm_idx3_loss_origin.log,0.4857142857142857,0.6373626373626373,0.5476453304290771,-0.113733,40
citeseer,remove_only_intra_noncore,intra,noncore,,0.8,1.0,0.1,0.5,0.5,0.9,4,4,gmm,/home/retro/ARON/log/1117/citeseer_remove_only_intra_noncore_a0.80_g1.00_c0p0.10_seed4_r0.5_fmr0.5_d0.9_gmm_idx4_loss_origin.log,0.5076923076923077,0.6175824175824176,0.5549405813217163,-0.106438,39
citeseer,remove_only_intra_noncore,intra,noncore,,0.8,1.0,0.1,0.5,0.5,0.9,5,5,gmm,/home/retro/ARON/log/1117/citeseer_remove_only_intra_noncore_a0.80_g1.00_c0p0.10_seed5_r0.5_fmr0.5_d0.9_gmm_idx5_loss_origin.log,0.5296703296703297,0.6813186813186813,0.5563937425613403,-0.104985,41
citeseer,remove_only_intra_noncore,intra,noncore,,0.8,1.0,0.1,0.5,0.5,0.9,6,6,gmm,/home/retro/ARON/log/1117/citeseer_remove_only_intra_noncore_a0.80_g1.00_c0p0.10_seed6_r0.5_fmr0.5_d0.9_gmm_idx6_loss_origin.log,0.5648351648351648,0.6725274725274726,0.5522046685218811,-0.109174,41
citeseer,remove_only_intra_noncore,intra,noncore,,0.8,1.0,0.1,0.5,0.5,0.9,7,7,gmm,/home/retro/ARON/log/1117/citeseer_remove_only_intra_noncore_a0.80_g1.00_c0p0.10_seed7_r0.5_fmr0.5_d0.9_gmm_idx7_loss_origin.log,0.4901098901098901,0.6329670329670329,0.5446418523788452,-0.116737,40
citeseer,remove_only_intra_noncore,intra,noncore,,0.8,1.0,0.1,0.5,0.5,0.9,8,8,gmm,/home/retro/ARON/log/1117/citeseer_remove_only_intra_noncore_a0.80_g1.00_c0p0.10_seed8_r0.5_fmr0.5_d0.9_gmm_idx8_loss_origin.log,0.5274725274725275,0.621978021978022,0.5554167032241821,-0.105962,40
citeseer,remove_only_intra_noncore,intra,noncore,,0.8,1.0,0.1,0.5,0.5,0.9,9,9,gmm,/home/retro/ARON/log/1117/citeseer_remove_only_intra_noncore_a0.80_g1.00_c0p0.10_seed9_r0.5_fmr0.5_d0.9_gmm_idx9_loss_origin.log,0.5472527472527473,0.6175824175824176,0.552500307559967,-0.108878,40
cora,remove_only_intra_c0p,intra,c0p,,0.8,1.0,0.1,0.5,0.5,0.9,0,0,gmm,/home/retro/ARON/log/1117/cora_remove_only_intra_c0p_a0.80_g1.00_c0p0.10_seed0_r0.5_fmr0.5_d0.9_gmm_idx0_loss_origin.log,0.4857685009487666,0.6053130929791272,0.5378668904304504,-0.126787,31
cora,remove_only_intra_c0p,intra,c0p,,0.8,1.0,0.1,0.5,0.5,0.9,10,10,gmm,/home/retro/ARON/log/1117/cora_remove_only_intra_c0p_a0.80_g1.00_c0p0.10_seed10_r0.5_fmr0.5_d0.9_gmm_idx10_loss_origin.log,0.48956356736242884,0.5977229601518027,0.5235539674758911,-0.1411,30
cora,remove_only_intra_c0p,intra,c0p,,0.8,1.0,0.1,0.5,0.5,0.9,11,11,gmm,/home/retro/ARON/log/1117/cora_remove_only_intra_c0p_a0.80_g1.00_c0p0.10_seed11_r0.5_fmr0.5_d0.9_gmm_idx11_loss_origin.log,0.4781783681214421,0.603415559772296,0.5304786562919617,-0.134175,32
cora,remove_only_intra_c0p,intra,c0p,,0.8,1.0,0.1,0.5,0.5,0.9,12,12,gmm,/home/retro/ARON/log/1117/cora_remove_only_intra_c0p_a0.80_g1.00_c0p0.10_seed12_r0.5_fmr0.5_d0.9_gmm_idx12_loss_origin.log,0.46110056925996207,0.6072106261859582,0.5298128724098206,-0.134841,31
cora,remove_only_intra_c0p,intra,c0p,,0.8,1.0,0.1,0.5,0.5,0.9,13,13,gmm,/home/retro/ARON/log/1117/cora_remove_only_intra_c0p_a0.80_g1.00_c0p0.10_seed13_r0.5_fmr0.5_d0.9_gmm_idx13_loss_origin.log,0.4838709677419355,0.6204933586337761,0.5204199552536011,-0.144234,31
cora,remove_only_intra_c0p,intra,c0p,,0.8,1.0,0.1,0.5,0.5,0.9,14,14,gmm,/home/retro/ARON/log/1117/cora_remove_only_intra_c0p_a0.80_g1.00_c0p0.10_seed14_r0.5_fmr0.5_d0.9_gmm_idx14_loss_origin.log,0.49146110056925996,0.5958254269449715,0.5298089981079102,-0.134845,31
cora,remove_only_intra_c0p,intra,c0p,,0.8,1.0,0.1,0.5,0.5,0.9,15,15,gmm,/home/retro/ARON/log/1117/cora_remove_only_intra_c0p_a0.80_g1.00_c0p0.10_seed15_r0.5_fmr0.5_d0.9_gmm_idx15_loss_origin.log,0.49146110056925996,0.5958254269449715,0.5283995866775513,-0.136254,31
cora,remove_only_intra_c0p,intra,c0p,,0.8,1.0,0.1,0.5,0.5,0.9,16,16,gmm,/home/retro/ARON/log/1117/cora_remove_only_intra_c0p_a0.80_g1.00_c0p0.10_seed16_r0.5_fmr0.5_d0.9_gmm_idx16_loss_origin.log,0.4971537001897533,0.6053130929791272,0.5277404189109802,-0.136913,31
cora,remove_only_intra_c0p,intra,c0p,,0.8,1.0,0.1,0.5,0.5,0.9,17,17,gmm,/home/retro/ARON/log/1117/cora_remove_only_intra_c0p_a0.80_g1.00_c0p0.10_seed17_r0.5_fmr0.5_d0.9_gmm_idx17_loss_origin.log,0.49146110056925996,0.6166982922201139,0.5209909677505493,-0.143663,30
cora,remove_only_intra_c0p,intra,c0p,,0.8,1.0,0.1,0.5,0.5,0.9,18,18,gmm,/home/retro/ARON/log/1117/cora_remove_only_intra_c0p_a0.80_g1.00_c0p0.10_seed18_r0.5_fmr0.5_d0.9_gmm_idx18_loss_origin.log,0.4781783681214421,0.603415559772296,0.5348523855209351,-0.129801,32
cora,remove_only_intra_c0p,intra,c0p,,0.8,1.0,0.1,0.5,0.5,0.9,19,19,gmm,/home/retro/ARON/log/1117/cora_remove_only_intra_c0p_a0.80_g1.00_c0p0.10_seed19_r0.5_fmr0.5_d0.9_gmm_idx19_loss_origin.log,0.49146110056925996,0.5958254269449715,0.5506782531738281,-0.113975,30
cora,remove_only_intra_c0p,intra,c0p,,0.8,1.0,0.1,0.5,0.5,0.9,1,1,gmm,/home/retro/ARON/log/1117/cora_remove_only_intra_c0p_a0.80_g1.00_c0p0.10_seed1_r0.5_fmr0.5_d0.9_gmm_idx1_loss_origin.log,0.48956356736242884,0.5958254269449715,0.5469720363616943,-0.117682,31
cora,remove_only_intra_c0p,intra,c0p,,0.8,1.0,0.1,0.5,0.5,0.9,20,20,gmm,/home/retro/ARON/log/1117/cora_remove_only_intra_c0p_a0.80_g1.00_c0p0.10_seed20_r0.5_fmr0.5_d0.9_gmm_idx20_loss_origin.log,0.4971537001897533,0.6053130929791272,0.5282455682754517,-0.136408,31
cora,remove_only_intra_c0p,intra,c0p,,0.8,1.0,0.1,0.5,0.5,0.9,21,21,gmm,/home/retro/ARON/log/1117/cora_remove_only_intra_c0p_a0.80_g1.00_c0p0.10_seed21_r0.5_fmr0.5_d0.9_gmm_idx21_loss_origin.log,0.476280834914611,0.603415559772296,0.542949378490448,-0.121704,32
cora,remove_only_intra_c0p,intra,c0p,,0.8,1.0,0.1,0.5,0.5,0.9,22,22,gmm,/home/retro/ARON/log/1117/cora_remove_only_intra_c0p_a0.80_g1.00_c0p0.10_seed22_r0.5_fmr0.5_d0.9_gmm_idx22_loss_origin.log,0.4648956356736243,0.6110056925996205,0.5443350076675415,-0.120319,31
cora,remove_only_intra_c0p,intra,c0p,,0.8,1.0,0.1,0.5,0.5,0.9,23,23,gmm,/home/retro/ARON/log/1117/cora_remove_only_intra_c0p_a0.80_g1.00_c0p0.10_seed23_r0.5_fmr0.5_d0.9_gmm_idx23_loss_origin.log,0.48956356736242884,0.6166982922201139,0.5423771739006042,-0.122276,31
cora,remove_only_intra_c0p,intra,c0p,,0.8,1.0,0.1,0.5,0.5,0.9,24,24,gmm,/home/retro/ARON/log/1117/cora_remove_only_intra_c0p_a0.80_g1.00_c0p0.10_seed24_r0.5_fmr0.5_d0.9_gmm_idx24_loss_origin.log,0.4838709677419355,0.6204933586337761,0.5347336530685425,-0.12992,30
cora,remove_only_intra_c0p,intra,c0p,,0.8,1.0,0.1,0.5,0.5,0.9,25,25,gmm,/home/retro/ARON/log/1117/cora_remove_only_intra_c0p_a0.80_g1.00_c0p0.10_seed25_r0.5_fmr0.5_d0.9_gmm_idx25_loss_origin.log,0.49146110056925996,0.5958254269449715,0.5327587127685547,-0.131895,30
cora,remove_only_intra_c0p,intra,c0p,,0.8,1.0,0.1,0.5,0.5,0.9,26,26,gmm,/home/retro/ARON/log/1117/cora_remove_only_intra_c0p_a0.80_g1.00_c0p0.10_seed26_r0.5_fmr0.5_d0.9_gmm_idx26_loss_origin.log,0.4781783681214421,0.603415559772296,0.5547108054161072,-0.109943,32
cora,remove_only_intra_c0p,intra,c0p,,0.8,1.0,0.1,0.5,0.5,0.9,27,27,gmm,/home/retro/ARON/log/1117/cora_remove_only_intra_c0p_a0.80_g1.00_c0p0.10_seed27_r0.5_fmr0.5_d0.9_gmm_idx27_loss_origin.log,0.4819734345351044,0.6299810246679317,0.5280035138130188,-0.13665,32
cora,remove_only_intra_c0p,intra,c0p,,0.8,1.0,0.1,0.5,0.5,0.9,28,28,gmm,/home/retro/ARON/log/1117/cora_remove_only_intra_c0p_a0.80_g1.00_c0p0.10_seed28_r0.5_fmr0.5_d0.9_gmm_idx28_loss_origin.log,0.4838709677419355,0.6204933586337761,0.5422043800354004,-0.122449,32
cora,remove_only_intra_c0p,intra,c0p,,0.8,1.0,0.1,0.5,0.5,0.9,29,29,gmm,/home/retro/ARON/log/1117/cora_remove_only_intra_c0p_a0.80_g1.00_c0p0.10_seed29_r0.5_fmr0.5_d0.9_gmm_idx29_loss_origin.log,0.476280834914611,0.5920303605313093,0.5394365787506104,-0.125217,32
cora,remove_only_intra_c0p,intra,c0p,,0.8,1.0,0.1,0.5,0.5,0.9,2,2,gmm,/home/retro/ARON/log/1117/cora_remove_only_intra_c0p_a0.80_g1.00_c0p0.10_seed2_r0.5_fmr0.5_d0.9_gmm_idx2_loss_origin.log,0.49146110056925996,0.6299810246679317,0.5386542677879333,-0.125999,30
cora,remove_only_intra_c0p,intra,c0p,,0.8,1.0,0.1,0.5,0.5,0.9,3,3,gmm,/home/retro/ARON/log/1117/cora_remove_only_intra_c0p_a0.80_g1.00_c0p0.10_seed3_r0.5_fmr0.5_d0.9_gmm_idx3_loss_origin.log,0.49146110056925996,0.5958254269449715,0.5486353635787964,-0.116018,31
cora,remove_only_intra_c0p,intra,c0p,,0.8,1.0,0.1,0.5,0.5,0.9,4,4,gmm,/home/retro/ARON/log/1117/cora_remove_only_intra_c0p_a0.80_g1.00_c0p0.10_seed4_r0.5_fmr0.5_d0.9_gmm_idx4_loss_origin.log,0.476280834914611,0.6091081593927894,0.5397223234176636,-0.124931,31
cora,remove_only_intra_c0p,intra,c0p,,0.8,1.0,0.1,0.5,0.5,0.9,5,5,gmm,/home/retro/ARON/log/1117/cora_remove_only_intra_c0p_a0.80_g1.00_c0p0.10_seed5_r0.5_fmr0.5_d0.9_gmm_idx5_loss_origin.log,0.46110056925996207,0.6072106261859582,0.5460426807403564,-0.118611,32
cora,remove_only_intra_c0p,intra,c0p,,0.8,1.0,0.1,0.5,0.5,0.9,6,6,gmm,/home/retro/ARON/log/1117/cora_remove_only_intra_c0p_a0.80_g1.00_c0p0.10_seed6_r0.5_fmr0.5_d0.9_gmm_idx6_loss_origin.log,0.49146110056925996,0.5882352941176471,0.5447735786437988,-0.11988,31
cora,remove_only_intra_c0p,intra,c0p,,0.8,1.0,0.1,0.5,0.5,0.9,7,7,gmm,/home/retro/ARON/log/1117/cora_remove_only_intra_c0p_a0.80_g1.00_c0p0.10_seed7_r0.5_fmr0.5_d0.9_gmm_idx7_loss_origin.log,0.4971537001897533,0.6053130929791272,0.5419202446937561,-0.122733,31
cora,remove_only_intra_c0p,intra,c0p,,0.8,1.0,0.1,0.5,0.5,0.9,8,8,gmm,/home/retro/ARON/log/1117/cora_remove_only_intra_c0p_a0.80_g1.00_c0p0.10_seed8_r0.5_fmr0.5_d0.9_gmm_idx8_loss_origin.log,0.4971537001897533,0.6053130929791272,0.5388768315315247,-0.125777,31
cora,remove_only_intra_c0p,intra,c0p,,0.8,1.0,0.1,0.5,0.5,0.9,9,9,gmm,/home/retro/ARON/log/1117/cora_remove_only_intra_c0p_a0.80_g1.00_c0p0.10_seed9_r0.5_fmr0.5_d0.9_gmm_idx9_loss_origin.log,0.4857685009487666,0.6053130929791272,0.5289312601089478,-0.135722,31
cora,remove_only_intra_noncore,intra,noncore,,0.8,1.0,0.1,0.5,0.5,0.9,0,0,gmm,/home/retro/ARON/log/1117/cora_remove_only_intra_noncore_a0.80_g1.00_c0p0.10_seed0_r0.5_fmr0.5_d0.9_gmm_idx0_loss_origin.log,0.4971537001897533,0.6679316888045541,0.5583365559577942,-0.106317,30
cora,remove_only_intra_noncore,intra,noncore,,0.8,1.0,0.1,0.5,0.5,0.9,10,10,gmm,/home/retro/ARON/log/1117/cora_remove_only_intra_noncore_a0.80_g1.00_c0p0.10_seed10_r0.5_fmr0.5_d0.9_gmm_idx10_loss_origin.log,0.4781783681214421,0.6660341555977229,0.534360408782959,-0.130293,31
cora,remove_only_intra_noncore,intra,noncore,,0.8,1.0,0.1,0.5,0.5,0.9,11,11,gmm,/home/retro/ARON/log/1117/cora_remove_only_intra_noncore_a0.80_g1.00_c0p0.10_seed11_r0.5_fmr0.5_d0.9_gmm_idx11_loss_origin.log,0.4838709677419355,0.6204933586337761,0.5404074192047119,-0.124246,31
cora,remove_only_intra_noncore,intra,noncore,,0.8,1.0,0.1,0.5,0.5,0.9,12,12,gmm,/home/retro/ARON/log/1117/cora_remove_only_intra_noncore_a0.80_g1.00_c0p0.10_seed12_r0.5_fmr0.5_d0.9_gmm_idx12_loss_origin.log,0.48956356736242884,0.5958254269449715,0.5507898330688477,-0.113864,30
cora,remove_only_intra_noncore,intra,noncore,,0.8,1.0,0.1,0.5,0.5,0.9,13,13,gmm,/home/retro/ARON/log/1117/cora_remove_only_intra_noncore_a0.80_g1.00_c0p0.10_seed13_r0.5_fmr0.5_d0.9_gmm_idx13_loss_origin.log,0.49335863377609107,0.6546489563567363,0.5342646837234497,-0.130389,31
cora,remove_only_intra_noncore,intra,noncore,,0.8,1.0,0.1,0.5,0.5,0.9,14,14,gmm,/home/retro/ARON/log/1117/cora_remove_only_intra_noncore_a0.80_g1.00_c0p0.10_seed14_r0.5_fmr0.5_d0.9_gmm_idx14_loss_origin.log,0.4838709677419355,0.6204933586337761,0.5257032513618469,-0.13895,31
cora,remove_only_intra_noncore,intra,noncore,,0.8,1.0,0.1,0.5,0.5,0.9,15,15,gmm,/home/retro/ARON/log/1117/cora_remove_only_intra_noncore_a0.80_g1.00_c0p0.10_seed15_r0.5_fmr0.5_d0.9_gmm_idx15_loss_origin.log,0.4971537001897533,0.6053130929791272,0.543749213218689,-0.120904,31
cora,remove_only_intra_noncore,intra,noncore,,0.8,1.0,0.1,0.5,0.5,0.9,16,16,gmm,/home/retro/ARON/log/1117/cora_remove_only_intra_noncore_a0.80_g1.00_c0p0.10_seed16_r0.5_fmr0.5_d0.9_gmm_idx16_loss_origin.log,0.49146110056925996,0.5958254269449715,0.5424042344093323,-0.122249,31
cora,remove_only_intra_noncore,intra,noncore,,0.8,1.0,0.1,0.5,0.5,0.9,17,17,gmm,/home/retro/ARON/log/1117/cora_remove_only_intra_noncore_a0.80_g1.00_c0p0.10_seed17_r0.5_fmr0.5_d0.9_gmm_idx17_loss_origin.log,0.4971537001897533,0.5977229601518027,0.5473629236221313,-0.117291,31
cora,remove_only_intra_noncore,intra,noncore,,0.8,1.0,0.1,0.5,0.5,0.9,18,18,gmm,/home/retro/ARON/log/1117/cora_remove_only_intra_noncore_a0.80_g1.00_c0p0.10_seed18_r0.5_fmr0.5_d0.9_gmm_idx18_loss_origin.log,0.4648956356736243,0.635673624288425,0.5514823794364929,-0.113171,31
cora,remove_only_intra_noncore,intra,noncore,,0.8,1.0,0.1,0.5,0.5,0.9,19,19,gmm,/home/retro/ARON/log/1117/cora_remove_only_intra_noncore_a0.80_g1.00_c0p0.10_seed19_r0.5_fmr0.5_d0.9_gmm_idx19_loss_origin.log,0.48007590132827327,0.6755218216318786,0.547780454158783,-0.116873,32
cora,remove_only_intra_noncore,intra,noncore,,0.8,1.0,0.1,0.5,0.5,0.9,1,1,gmm,/home/retro/ARON/log/1117/cora_remove_only_intra_noncore_a0.80_g1.00_c0p0.10_seed1_r0.5_fmr0.5_d0.9_gmm_idx1_loss_origin.log,0.49146110056925996,0.5958254269449715,0.549359142780304,-0.115294,30
cora,remove_only_intra_noncore,intra,noncore,,0.8,1.0,0.1,0.5,0.5,0.9,20,20,gmm,/home/retro/ARON/log/1117/cora_remove_only_intra_noncore_a0.80_g1.00_c0p0.10_seed20_r0.5_fmr0.5_d0.9_gmm_idx20_loss_origin.log,0.46110056925996207,0.6072106261859582,0.5444336533546448,-0.12022,31
cora,remove_only_intra_noncore,intra,noncore,,0.8,1.0,0.1,0.5,0.5,0.9,21,21,gmm,/home/retro/ARON/log/1117/cora_remove_only_intra_noncore_a0.80_g1.00_c0p0.10_seed21_r0.5_fmr0.5_d0.9_gmm_idx21_loss_origin.log,0.49146110056925996,0.5958254269449715,0.5426117181777954,-0.122042,30
cora,remove_only_intra_noncore,intra,noncore,,0.8,1.0,0.1,0.5,0.5,0.9,22,22,gmm,/home/retro/ARON/log/1117/cora_remove_only_intra_noncore_a0.80_g1.00_c0p0.10_seed22_r0.5_fmr0.5_d0.9_gmm_idx22_loss_origin.log,0.4857685009487666,0.6072106261859582,0.5299815535545349,-0.134672,31
cora,remove_only_intra_noncore,intra,noncore,,0.8,1.0,0.1,0.5,0.5,0.9,23,23,gmm,/home/retro/ARON/log/1117/cora_remove_only_intra_noncore_a0.80_g1.00_c0p0.10_seed23_r0.5_fmr0.5_d0.9_gmm_idx23_loss_origin.log,0.4838709677419355,0.5977229601518027,0.5387693643569946,-0.125884,31
cora,remove_only_intra_noncore,intra,noncore,,0.8,1.0,0.1,0.5,0.5,0.9,24,24,gmm,/home/retro/ARON/log/1117/cora_remove_only_intra_noncore_a0.80_g1.00_c0p0.10_seed24_r0.5_fmr0.5_d0.9_gmm_idx24_loss_origin.log,0.4971537001897533,0.6679316888045541,0.5486910343170166,-0.115963,30
cora,remove_only_intra_noncore,intra,noncore,,0.8,1.0,0.1,0.5,0.5,0.9,25,25,gmm,/home/retro/ARON/log/1117/cora_remove_only_intra_noncore_a0.80_g1.00_c0p0.10_seed25_r0.5_fmr0.5_d0.9_gmm_idx25_loss_origin.log,0.4838709677419355,0.5996204933586338,0.5425878167152405,-0.122066,31
cora,remove_only_intra_noncore,intra,noncore,,0.8,1.0,0.1,0.5,0.5,0.9,26,26,gmm,/home/retro/ARON/log/1117/cora_remove_only_intra_noncore_a0.80_g1.00_c0p0.10_seed26_r0.5_fmr0.5_d0.9_gmm_idx26_loss_origin.log,0.4819734345351044,0.5996204933586338,0.5403486490249634,-0.124305,30
cora,remove_only_intra_noncore,intra,noncore,,0.8,1.0,0.1,0.5,0.5,0.9,27,27,gmm,/home/retro/ARON/log/1117/cora_remove_only_intra_noncore_a0.80_g1.00_c0p0.10_seed27_r0.5_fmr0.5_d0.9_gmm_idx27_loss_origin.log,0.48956356736242884,0.5977229601518027,0.525530993938446,-0.139123,30
cora,remove_only_intra_noncore,intra,noncore,,0.8,1.0,0.1,0.5,0.5,0.9,28,28,gmm,/home/retro/ARON/log/1117/cora_remove_only_intra_noncore_a0.80_g1.00_c0p0.10_seed28_r0.5_fmr0.5_d0.9_gmm_idx28_loss_origin.log,0.48956356736242884,0.5958254269449715,0.5534114837646484,-0.111242,31
cora,remove_only_intra_noncore,intra,noncore,,0.8,1.0,0.1,0.5,0.5,0.9,29,29,gmm,/home/retro/ARON/log/1117/cora_remove_only_intra_noncore_a0.80_g1.00_c0p0.10_seed29_r0.5_fmr0.5_d0.9_gmm_idx29_loss_origin.log,0.49146110056925996,0.5958254269449715,0.5504856109619141,-0.114168,30
cora,remove_only_intra_noncore,intra,noncore,,0.8,1.0,0.1,0.5,0.5,0.9,2,2,gmm,/home/retro/ARON/log/1117/cora_remove_only_intra_noncore_a0.80_g1.00_c0p0.10_seed2_r0.5_fmr0.5_d0.9_gmm_idx2_loss_origin.log,0.4819734345351044,0.6204933586337761,0.530834972858429,-0.133819,31
cora,remove_only_intra_noncore,intra,noncore,,0.8,1.0,0.1,0.5,0.5,0.9,3,3,gmm,/home/retro/ARON/log/1117/cora_remove_only_intra_noncore_a0.80_g1.00_c0p0.10_seed3_r0.5_fmr0.5_d0.9_gmm_idx3_loss_origin.log,0.4857685009487666,0.6072106261859582,0.5268727540969849,-0.137781,31
cora,remove_only_intra_noncore,intra,noncore,,0.8,1.0,0.1,0.5,0.5,0.9,4,4,gmm,/home/retro/ARON/log/1117/cora_remove_only_intra_noncore_a0.80_g1.00_c0p0.10_seed4_r0.5_fmr0.5_d0.9_gmm_idx4_loss_origin.log,0.4781783681214421,0.603415559772296,0.5400597453117371,-0.124594,32
cora,remove_only_intra_noncore,intra,noncore,,0.8,1.0,0.1,0.5,0.5,0.9,5,5,gmm,/home/retro/ARON/log/1117/cora_remove_only_intra_noncore_a0.80_g1.00_c0p0.10_seed5_r0.5_fmr0.5_d0.9_gmm_idx5_loss_origin.log,0.4819734345351044,0.5996204933586338,0.5307947993278503,-0.133859,31
cora,remove_only_intra_noncore,intra,noncore,,0.8,1.0,0.1,0.5,0.5,0.9,6,6,gmm,/home/retro/ARON/log/1117/cora_remove_only_intra_noncore_a0.80_g1.00_c0p0.10_seed6_r0.5_fmr0.5_d0.9_gmm_idx6_loss_origin.log,0.5009487666034156,0.6261859582542695,0.540464460849762,-0.124189,30
cora,remove_only_intra_noncore,intra,noncore,,0.8,1.0,0.1,0.5,0.5,0.9,7,7,gmm,/home/retro/ARON/log/1117/cora_remove_only_intra_noncore_a0.80_g1.00_c0p0.10_seed7_r0.5_fmr0.5_d0.9_gmm_idx7_loss_origin.log,0.46110056925996207,0.6072106261859582,0.5518441796302795,-0.112809,31
cora,remove_only_intra_noncore,intra,noncore,,0.8,1.0,0.1,0.5,0.5,0.9,8,8,gmm,/home/retro/ARON/log/1117/cora_remove_only_intra_noncore_a0.80_g1.00_c0p0.10_seed8_r0.5_fmr0.5_d0.9_gmm_idx8_loss_origin.log,0.49146110056925996,0.5958254269449715,0.5401498675346375,-0.124504,31
cora,remove_only_intra_noncore,intra,noncore,,0.8,1.0,0.1,0.5,0.5,0.9,9,9,gmm,/home/retro/ARON/log/1117/cora_remove_only_intra_noncore_a0.80_g1.00_c0p0.10_seed9_r0.5_fmr0.5_d0.9_gmm_idx9_loss_origin.log,0.48956356736242884,0.5958254269449715,0.5493022203445435,-0.115351,30
